ids-consumer  | 2026-04-24T12:03:44.259963436Z WARNING: Using incubator modules: jdk.incubator.vector
ids-consumer  | 2026-04-24T12:03:44.765043905Z Using Spark's default log4j profile: org/apache/spark/log4j2-defaults.properties
ids-consumer  | 2026-04-24T12:03:44.782453110Z 26/04/24 15:03:44 WARN Utils: Your hostname, usrv01, resolves to a loopback address: 127.0.1.1; using 192.168.88.200 instead (on interface eno1)
ids-consumer  | 2026-04-24T12:03:44.784369247Z 26/04/24 15:03:44 WARN Utils: Set SPARK_LOCAL_IP if you need to bind to another address
ids-consumer  | 2026-04-24T12:03:45.796248107Z /usr/local/lib/python3.10/dist-packages/sklearn/base.py:442: InconsistentVersionWarning: Trying to unpickle estimator LabelEncoder from version 1.8.0 when using version 1.7.2. This might lead to breaking code or invalid results. Use at your own risk. For more info please refer to:
ids-consumer  | 2026-04-24T12:03:45.796274922Z https://scikit-learn.org/stable/model_persistence.html#security-maintainability-limitations
ids-consumer  | 2026-04-24T12:03:45.796277061Z   warnings.warn(
ids-consumer  | 2026-04-24T12:03:45.796298041Z 2026-04-24 15:03:45,796 INFO XGBoost loaded | classes=['BENIGN', 'Bot', 'DDOS-HOIC', 'DoS-GoldenEye', 'DoS-Hulk', 'DoS-SlowHTTPTest', 'DoS-Slowloris', 'FTP-BruteForce', 'SSH-Bruteforce'] | features=17
ids-consumer  | 2026-04-24T12:03:57.707916670Z 2026-04-24 15:03:57,707 INFO Temporal features enabled (window=60.0s, 17 features)
ids-consumer  | 2026-04-24T12:03:57.708610483Z 2026-04-24 15:03:57,708 INFO Rule engine enabled
ids-consumer  | 2026-04-24T12:03:58.053560848Z Using Spark's default log4j profile: org/apache/spark/log4j2-defaults.properties
ids-consumer  | 2026-04-24T12:03:58.055692453Z 26/04/24 15:03:58 INFO SparkContext: Running Spark version 4.1.1
ids-consumer  | 2026-04-24T12:03:58.056038880Z 26/04/24 15:03:58 INFO SparkContext: OS info Linux, 6.17.0-22-generic, amd64
ids-consumer  | 2026-04-24T12:03:58.056253583Z 26/04/24 15:03:58 INFO SparkContext: Java version 21.0.10+7-LTS
ids-consumer  | 2026-04-24T12:03:58.101995923Z 26/04/24 15:03:58 WARN NativeCodeLoader: Unable to load native-hadoop library for your platform... using builtin-java classes where applicable
ids-consumer  | 2026-04-24T12:03:58.129455377Z 26/04/24 15:03:58 INFO ResourceUtils: ==============================================================
ids-consumer  | 2026-04-24T12:03:58.129641505Z 26/04/24 15:03:58 INFO ResourceUtils: No custom resources configured for spark.driver.
ids-consumer  | 2026-04-24T12:03:58.129906181Z 26/04/24 15:03:58 INFO ResourceUtils: ==============================================================
ids-consumer  | 2026-04-24T12:03:58.130137654Z 26/04/24 15:03:58 INFO SparkContext: Submitted application: zeek-ids
ids-consumer  | 2026-04-24T12:03:58.157381262Z 26/04/24 15:03:58 INFO SecurityManager: Changing view acls to: spark
ids-consumer  | 2026-04-24T12:03:58.157577051Z 26/04/24 15:03:58 INFO SecurityManager: Changing modify acls to: spark
ids-consumer  | 2026-04-24T12:03:58.157820178Z 26/04/24 15:03:58 INFO SecurityManager: Changing view acls groups to: spark
ids-consumer  | 2026-04-24T12:03:58.158050367Z 26/04/24 15:03:58 INFO SecurityManager: Changing modify acls groups to: spark
ids-consumer  | 2026-04-24T12:03:58.158351505Z 26/04/24 15:03:58 INFO SecurityManager: SecurityManager: authentication disabled; ui acls disabled; users with view permissions: spark groups with view permissions: EMPTY; users with modify permissions: spark; groups with modify permissions: EMPTY; RPC SSL disabled
ids-consumer  | 2026-04-24T12:03:58.292205442Z 26/04/24 15:03:58 INFO Utils: Successfully started service 'sparkDriver' on port 34487.
ids-consumer  | 2026-04-24T12:03:58.306444411Z 26/04/24 15:03:58 INFO SparkEnv: Registering MapOutputTracker
ids-consumer  | 2026-04-24T12:03:58.313747875Z 26/04/24 15:03:58 INFO SparkEnv: Registering BlockManagerMaster
ids-consumer  | 2026-04-24T12:03:58.324167054Z 26/04/24 15:03:58 INFO BlockManagerMasterEndpoint: Using org.apache.spark.storage.DefaultTopologyMapper for getting topology information
ids-consumer  | 2026-04-24T12:03:58.324436940Z 26/04/24 15:03:58 INFO BlockManagerMasterEndpoint: BlockManagerMasterEndpoint up
ids-consumer  | 2026-04-24T12:03:58.326118776Z 26/04/24 15:03:58 INFO SparkEnv: Registering BlockManagerMasterHeartbeat
ids-consumer  | 2026-04-24T12:03:58.338345885Z 26/04/24 15:03:58 INFO DiskBlockManager: Created local directory at /tmp/blockmgr-33a0c605-f8fd-4c47-905c-08c7c6411d6f
ids-consumer  | 2026-04-24T12:03:58.350278530Z 26/04/24 15:03:58 INFO SparkEnv: Registering OutputCommitCoordinator
ids-consumer  | 2026-04-24T12:03:58.411661344Z 26/04/24 15:03:58 INFO JettyUtils: Start Jetty 0.0.0.0:4040 for SparkUI
ids-consumer  | 2026-04-24T12:03:58.454934308Z 26/04/24 15:03:58 INFO Utils: Successfully started service 'SparkUI' on port 4040.
ids-consumer  | 2026-04-24T12:03:58.486097211Z 26/04/24 15:03:58 INFO ResourceProfile: Default ResourceProfile created, executor resources: Map(cores -> name: cores, amount: 1, script: , vendor: , memory -> name: memory, amount: 1024, script: , vendor: , offHeap -> name: offHeap, amount: 0, script: , vendor: ), task resources: Map(cpus -> name: cpus, amount: 1.0)
ids-consumer  | 2026-04-24T12:03:58.487017797Z 26/04/24 15:03:58 INFO ResourceProfile: Limiting resource is cpu
ids-consumer  | 2026-04-24T12:03:58.487290805Z 26/04/24 15:03:58 INFO ResourceProfileManager: Added ResourceProfile id: 0
ids-consumer  | 2026-04-24T12:03:58.493166219Z 26/04/24 15:03:58 INFO SecurityManager: Changing view acls to: spark
ids-consumer  | 2026-04-24T12:03:58.493269487Z 26/04/24 15:03:58 INFO SecurityManager: Changing modify acls to: spark
ids-consumer  | 2026-04-24T12:03:58.493356546Z 26/04/24 15:03:58 INFO SecurityManager: Changing view acls groups to: spark
ids-consumer  | 2026-04-24T12:03:58.493446519Z 26/04/24 15:03:58 INFO SecurityManager: Changing modify acls groups to: spark
ids-consumer  | 2026-04-24T12:03:58.493576942Z 26/04/24 15:03:58 INFO SecurityManager: SecurityManager: authentication disabled; ui acls disabled; users with view permissions: spark groups with view permissions: EMPTY; users with modify permissions: spark; groups with modify permissions: EMPTY; RPC SSL disabled
ids-consumer  | 2026-04-24T12:03:58.571695833Z 26/04/24 15:03:58 INFO Executor: Starting executor ID driver on host 192.168.88.200
ids-consumer  | 2026-04-24T12:03:58.571881641Z 26/04/24 15:03:58 INFO Executor: OS info Linux, 6.17.0-22-generic, amd64
ids-consumer  | 2026-04-24T12:03:58.572104106Z 26/04/24 15:03:58 INFO Executor: Java version 21.0.10+7-LTS
ids-consumer  | 2026-04-24T12:03:58.575381786Z 26/04/24 15:03:58 INFO Executor: Starting executor with user classpath (userClassPathFirst = false): ''
ids-consumer  | 2026-04-24T12:03:58.575778522Z 26/04/24 15:03:58 INFO Executor: Created or updated repl class loader org.apache.spark.util.MutableURLClassLoader@64af7d74 for default.
ids-consumer  | 2026-04-24T12:03:58.585666365Z 26/04/24 15:03:58 INFO Utils: Successfully started service 'org.apache.spark.network.netty.NettyBlockTransferService' on port 37217.
ids-consumer  | 2026-04-24T12:03:58.590347330Z 26/04/24 15:03:58 INFO NettyBlockTransferService: Server created on 192.168.88.200:37217
ids-consumer  | 2026-04-24T12:03:58.591348121Z 26/04/24 15:03:58 INFO BlockManager: Using org.apache.spark.storage.RandomBlockReplicationPolicy for block replication policy
ids-consumer  | 2026-04-24T12:03:58.600258730Z 26/04/24 15:03:58 INFO BlockManagerMaster: Registering BlockManager BlockManagerId(driver, 192.168.88.200, 37217, None)
ids-consumer  | 2026-04-24T12:03:58.602993621Z 26/04/24 15:03:58 INFO BlockManagerMasterEndpoint: Registering block manager 192.168.88.200:37217 with 4.6 GiB RAM, BlockManagerId(driver, 192.168.88.200, 37217, None)
ids-consumer  | 2026-04-24T12:03:58.604436002Z 26/04/24 15:03:58 INFO BlockManagerMaster: Registered BlockManager BlockManagerId(driver, 192.168.88.200, 37217, None)
ids-consumer  | 2026-04-24T12:03:58.605070874Z 26/04/24 15:03:58 INFO BlockManager: Initialized BlockManager: BlockManagerId(driver, 192.168.88.200, 37217, None)
ids-consumer  | 2026-04-24T12:03:59.815219712Z 2026-04-24 15:03:59,815 INFO Spark 4.1.1 started
ids-consumer  | 2026-04-24T12:04:00.609619472Z 26/04/24 15:04:00 WARN ResolveWriteToStream: spark.sql.adaptive.enabled is not supported in streaming DataFrames/Datasets and will be disabled.
ids-consumer  | 2026-04-24T12:04:00.708715704Z 2026-04-24 15:04:00,708 INFO Listening for Zeek flows...
ids-consumer  | 2026-04-24T12:04:07.409623626Z 2026-04-24 15:04:07,409 INFO Batch #444: 1 flows | 6ms (154 fl/s) temp=0ms
ids-consumer  | 2026-04-24T12:04:07.438538010Z 26/04/24 15:04:07 WARN ProcessingTimeExecutor: Current batch is falling behind. The trigger interval is 1000 milliseconds, but spent 1436 milliseconds
ids-consumer  | 2026-04-24T12:04:40.653317369Z 2026-04-24 15:04:40,653 INFO Batch #445: 1 flows | 6ms (166 fl/s) temp=0ms
ids-consumer  | 2026-04-24T12:04:40.653346654Z 2026-04-24 15:04:40,653 INFO ── STATS ──────────────────────────────────────────
ids-consumer  | 2026-04-24T12:04:40.653359292Z 2026-04-24 15:04:40,653 INFO   Layers:     XGBoost (temporal) + Rules
ids-consumer  | 2026-04-24T12:04:40.653366905Z 2026-04-24 15:04:40,653 INFO   Throughput: 0 flows/sec
ids-consumer  | 2026-04-24T12:04:40.653369041Z 2026-04-24 15:04:40,653 INFO   Total:      2 flows in 43s
ids-consumer  | 2026-04-24T12:04:40.653370594Z [92m    BENIGN                              2[0m
ids-consumer  | 2026-04-24T12:04:40.653373723Z 2026-04-24 15:04:40,653 INFO ───────────────────────────────────────────────────
ids-consumer  | 2026-04-24T12:05:16.682949869Z 2026-04-24 15:05:16,682 INFO Batch #446: 1 flows | 5ms (185 fl/s) temp=0ms
ids-consumer  | 2026-04-24T12:05:16.682971203Z 2026-04-24 15:05:16,682 INFO ── STATS ──────────────────────────────────────────
ids-consumer  | 2026-04-24T12:05:16.682974198Z 2026-04-24 15:05:16,682 INFO   Layers:     XGBoost (temporal) + Rules
ids-consumer  | 2026-04-24T12:05:16.682975961Z 2026-04-24 15:05:16,682 INFO   Throughput: 0 flows/sec
ids-consumer  | 2026-04-24T12:05:16.682979272Z 2026-04-24 15:05:16,682 INFO   Total:      3 flows in 79s
ids-consumer  | 2026-04-24T12:05:16.682980776Z [92m    BENIGN                              3[0m
ids-consumer  | 2026-04-24T12:05:16.682982697Z 2026-04-24 15:05:16,682 INFO ───────────────────────────────────────────────────
ids-consumer  | 2026-04-24T12:05:45.589458249Z 2026-04-24 15:05:45,589 INFO Batch #447: 1 flows | 6ms (164 fl/s) temp=0ms
ids-consumer  | 2026-04-24T12:05:45.589477426Z 2026-04-24 15:05:45,589 INFO ── STATS ──────────────────────────────────────────
ids-consumer  | 2026-04-24T12:05:45.589480329Z 2026-04-24 15:05:45,589 INFO   Layers:     XGBoost (temporal) + Rules
ids-consumer  | 2026-04-24T12:05:45.589482027Z 2026-04-24 15:05:45,589 INFO   Throughput: 0 flows/sec
ids-consumer  | 2026-04-24T12:05:45.589493650Z 2026-04-24 15:05:45,589 INFO   Total:      4 flows in 108s
ids-consumer  | 2026-04-24T12:05:45.589499254Z [92m    BENIGN                              4[0m
ids-consumer  | 2026-04-24T12:05:45.589501500Z 2026-04-24 15:05:45,589 INFO ───────────────────────────────────────────────────
ids-consumer  | 2026-04-24T12:06:37.542749476Z 2026-04-24 15:06:37,542 INFO Batch #448: 5,000 flows | 319ms (15,681 fl/s) temp=133ms
ids-consumer  | 2026-04-24T12:06:37.542783343Z 2026-04-24 15:06:37,542 INFO ── STATS ──────────────────────────────────────────
ids-consumer  | 2026-04-24T12:06:37.542787467Z 2026-04-24 15:06:37,542 INFO   Layers:     XGBoost (temporal) + Rules
ids-consumer  | 2026-04-24T12:06:37.542789733Z 2026-04-24 15:06:37,542 INFO   Throughput: 31 flows/sec
ids-consumer  | 2026-04-24T12:06:37.542791631Z 2026-04-24 15:06:37,542 INFO   Total:      5,004 flows in 160s
ids-consumer  | 2026-04-24T12:06:37.542793650Z [92m    BENIGN                          5,004[0m
ids-consumer  | 2026-04-24T12:06:37.542796191Z 2026-04-24 15:06:37,542 INFO ───────────────────────────────────────────────────
ids-consumer  | 2026-04-24T12:06:38.589967170Z [91m2026-04-24 15:06:38 [NEW] [ML] DoS-Hulk               src=10.0.1.10        → 10.0.1.20:80 conf=0.43[0m
ids-consumer  | 2026-04-24T12:06:38.634682178Z 2026-04-24 15:06:38,634 INFO Batch #449: 9,998 flows | 404ms (24,747 fl/s) temp=283ms
ids-consumer  | 2026-04-24T12:06:39.604525316Z 2026-04-24 15:06:39,604 INFO Batch #450: 9,998 flows | 415ms (24,100 fl/s) temp=282ms
ids-consumer  | 2026-04-24T12:06:40.555160191Z 2026-04-24 15:06:40,554 INFO Batch #451: 9,999 flows | 356ms (28,073 fl/s) temp=261ms
ids-consumer  | 2026-04-24T12:06:41.538538056Z 2026-04-24 15:06:41,538 INFO Batch #452: 9,998 flows | 370ms (27,020 fl/s) temp=275ms
ids-consumer  | 2026-04-24T12:06:42.544172669Z 2026-04-24 15:06:42,543 INFO Batch #453: 9,998 flows | 355ms (28,154 fl/s) temp=262ms
ids-consumer  | 2026-04-24T12:06:43.518883613Z 2026-04-24 15:06:43,518 INFO Batch #454: 9,999 flows | 358ms (27,901 fl/s) temp=262ms
ids-consumer  | 2026-04-24T12:06:44.510289798Z 2026-04-24 15:06:44,510 INFO Batch #455: 9,998 flows | 352ms (28,368 fl/s) temp=260ms
ids-consumer  | 2026-04-24T12:06:45.570612121Z 2026-04-24 15:06:45,570 INFO Batch #456: 9,998 flows | 378ms (26,484 fl/s) temp=281ms
ids-consumer  | 2026-04-24T12:06:46.520291701Z 2026-04-24 15:06:46,520 INFO Batch #457: 9,999 flows | 356ms (28,103 fl/s) temp=263ms
ids-consumer  | 2026-04-24T12:06:47.569016058Z 2026-04-24 15:06:47,568 INFO Batch #458: 9,999 flows | 380ms (26,287 fl/s) temp=281ms
ids-consumer  | 2026-04-24T12:06:47.569036562Z 2026-04-24 15:06:47,568 INFO ── STATS ──────────────────────────────────────────
ids-consumer  | 2026-04-24T12:06:47.569040283Z 2026-04-24 15:06:47,568 INFO   Layers:     XGBoost (temporal) + Rules
ids-consumer  | 2026-04-24T12:06:47.569043119Z 2026-04-24 15:06:47,568 INFO   Throughput: 618 flows/sec
ids-consumer  | 2026-04-24T12:06:47.569045328Z 2026-04-24 15:06:47,568 INFO   Total:      104,988 flows in 170s
ids-consumer  | 2026-04-24T12:06:47.569054452Z [91m  * DoS-Hulk                       98,928[0m
ids-consumer  | 2026-04-24T12:06:47.569055976Z [92m    BENIGN                          6,060[0m
ids-consumer  | 2026-04-24T12:06:47.569057960Z 2026-04-24 15:06:47,569 INFO   Active attacks: 1
ids-consumer  | 2026-04-24T12:06:47.569096899Z 2026-04-24 15:06:47,569 INFO ───────────────────────────────────────────────────
ids-consumer  | 2026-04-24T12:06:48.584934124Z 2026-04-24 15:06:48,584 INFO Batch #459: 9,998 flows | 392ms (25,506 fl/s) temp=287ms
ids-consumer  | 2026-04-24T12:06:49.532431013Z 2026-04-24 15:06:49,532 INFO Batch #460: 9,998 flows | 379ms (26,365 fl/s) temp=287ms
ids-consumer  | 2026-04-24T12:06:50.529853737Z 2026-04-24 15:06:50,529 INFO Batch #461: 9,998 flows | 378ms (26,429 fl/s) temp=279ms
ids-consumer  | 2026-04-24T12:06:51.528948473Z 2026-04-24 15:06:51,528 INFO Batch #462: 9,998 flows | 377ms (26,545 fl/s) temp=280ms
ids-consumer  | 2026-04-24T12:06:52.569962246Z 2026-04-24 15:06:52,569 INFO Batch #463: 9,999 flows | 376ms (26,611 fl/s) temp=259ms
ids-consumer  | 2026-04-24T12:06:53.516617536Z 2026-04-24 15:06:53,516 INFO Batch #464: 9,999 flows | 371ms (26,922 fl/s) temp=260ms
ids-consumer  | 2026-04-24T12:06:54.558591950Z 2026-04-24 15:06:54,558 INFO Batch #465: 9,999 flows | 361ms (27,665 fl/s) temp=262ms
ids-consumer  | 2026-04-24T12:06:55.519326545Z 2026-04-24 15:06:55,519 INFO Batch #466: 9,998 flows | 375ms (26,672 fl/s) temp=275ms
ids-consumer  | 2026-04-24T12:06:56.563961948Z 2026-04-24 15:06:56,563 INFO Batch #467: 9,998 flows | 403ms (24,806 fl/s) temp=306ms
ids-consumer  | 2026-04-24T12:06:57.504974528Z 2026-04-24 15:06:57,504 INFO Batch #468: 9,998 flows | 355ms (28,182 fl/s) temp=259ms
ids-consumer  | 2026-04-24T12:06:58.524374309Z 2026-04-24 15:06:58,524 INFO Batch #469: 9,998 flows | 353ms (28,325 fl/s) temp=259ms
ids-consumer  | 2026-04-24T12:06:58.524401431Z 2026-04-24 15:06:58,524 INFO ── STATS ──────────────────────────────────────────
ids-consumer  | 2026-04-24T12:06:58.524404774Z 2026-04-24 15:06:58,524 INFO   Layers:     XGBoost (temporal) + Rules
ids-consumer  | 2026-04-24T12:06:58.524405972Z 2026-04-24 15:06:58,524 INFO   Throughput: 1,189 flows/sec
ids-consumer  | 2026-04-24T12:06:58.524406970Z 2026-04-24 15:06:58,524 INFO   Total:      214,969 flows in 181s
ids-consumer  | 2026-04-24T12:06:58.524408034Z [91m  * DoS-Hulk                      208,866[0m
ids-consumer  | 2026-04-24T12:06:58.524409268Z [92m    BENIGN                          6,103[0m
ids-consumer  | 2026-04-24T12:06:58.524411699Z 2026-04-24 15:06:58,524 INFO   Active attacks: 1
ids-consumer  | 2026-04-24T12:06:58.524421426Z 2026-04-24 15:06:58,524 INFO ───────────────────────────────────────────────────
ids-consumer  | 2026-04-24T12:06:59.591379595Z 2026-04-24 15:06:59,591 INFO Batch #470: 9,999 flows | 413ms (24,208 fl/s) temp=314ms
ids-consumer  | 2026-04-24T12:07:00.513300473Z 2026-04-24 15:07:00,513 INFO Batch #471: 9,999 flows | 356ms (28,115 fl/s) temp=258ms
ids-consumer  | 2026-04-24T12:07:01.559122628Z 2026-04-24 15:07:01,558 INFO Batch #472: 9,998 flows | 375ms (26,649 fl/s) temp=275ms
ids-consumer  | 2026-04-24T12:07:02.579699551Z 2026-04-24 15:07:02,579 INFO Batch #473: 9,998 flows | 418ms (23,947 fl/s) temp=312ms
ids-consumer  | 2026-04-24T12:07:03.574006707Z 2026-04-24 15:07:03,573 INFO Batch #474: 9,998 flows | 410ms (24,391 fl/s) temp=310ms
ids-consumer  | 2026-04-24T12:07:04.626351310Z 2026-04-24 15:07:04,626 INFO Batch #475: 9,998 flows | 405ms (24,671 fl/s) temp=273ms
ids-consumer  | 2026-04-24T12:07:05.694727853Z 2026-04-24 15:07:05,694 INFO Batch #476: 9,998 flows | 494ms (20,247 fl/s) temp=392ms
ids-consumer  | 2026-04-24T12:07:06.570757370Z 2026-04-24 15:07:06,570 INFO Batch #477: 9,998 flows | 406ms (24,651 fl/s) temp=281ms
ids-consumer  | 2026-04-24T12:07:07.672980325Z 2026-04-24 15:07:07,672 INFO Batch #478: 9,999 flows | 504ms (19,823 fl/s) temp=389ms
ids-consumer  | 2026-04-24T12:07:08.719786723Z 2026-04-24 15:07:08,719 INFO Batch #479: 9,999 flows | 526ms (19,023 fl/s) temp=416ms
ids-consumer  | 2026-04-24T12:07:08.719812196Z 2026-04-24 15:07:08,719 INFO ── STATS ──────────────────────────────────────────
ids-consumer  | 2026-04-24T12:07:08.719816644Z 2026-04-24 15:07:08,719 INFO   Layers:     XGBoost (temporal) + Rules
ids-consumer  | 2026-04-24T12:07:08.719818860Z 2026-04-24 15:07:08,719 INFO   Throughput: 1,649 flows/sec
ids-consumer  | 2026-04-24T12:07:08.719820994Z 2026-04-24 15:07:08,719 INFO   Total:      314,953 flows in 191s
ids-consumer  | 2026-04-24T12:07:08.719823065Z [91m  * DoS-Hulk                      308,850[0m
ids-consumer  | 2026-04-24T12:07:08.719825359Z [92m    BENIGN                          6,103[0m
ids-consumer  | 2026-04-24T12:07:08.719834705Z 2026-04-24 15:07:08,719 INFO   Active attacks: 1
ids-consumer  | 2026-04-24T12:07:08.719845280Z 2026-04-24 15:07:08,719 INFO ───────────────────────────────────────────────────
ids-consumer  | 2026-04-24T12:07:09.534866499Z 2026-04-24 15:07:09,534 INFO Batch #480: 9,998 flows | 363ms (27,545 fl/s) temp=263ms
ids-consumer  | 2026-04-24T12:07:10.496481621Z 2026-04-24 15:07:10,496 INFO Batch #481: 9,998 flows | 355ms (28,170 fl/s) temp=258ms
ids-consumer  | 2026-04-24T12:07:11.548929070Z 2026-04-24 15:07:11,548 INFO Batch #482: 9,999 flows | 370ms (27,045 fl/s) temp=263ms
ids-consumer  | 2026-04-24T12:07:12.516857742Z 2026-04-24 15:07:12,516 INFO Batch #483: 9,998 flows | 359ms (27,839 fl/s) temp=260ms
ids-consumer  | 2026-04-24T12:07:13.526981032Z 2026-04-24 15:07:13,526 INFO Batch #484: 9,999 flows | 385ms (25,956 fl/s) temp=290ms
ids-consumer  | 2026-04-24T12:07:14.491976296Z 2026-04-24 15:07:14,491 INFO Batch #485: 9,998 flows | 357ms (28,005 fl/s) temp=260ms
ids-consumer  | 2026-04-24T12:07:15.496223017Z 2026-04-24 15:07:15,496 INFO Batch #486: 9,998 flows | 356ms (28,087 fl/s) temp=260ms
ids-consumer  | 2026-04-24T12:07:16.563841432Z 2026-04-24 15:07:16,563 INFO Batch #487: 9,998 flows | 365ms (27,400 fl/s) temp=261ms
ids-consumer  | 2026-04-24T12:07:17.537881259Z 2026-04-24 15:07:17,537 INFO Batch #488: 9,999 flows | 379ms (26,371 fl/s) temp=284ms
ids-consumer  | 2026-04-24T12:07:18.528229965Z 2026-04-24 15:07:18,528 INFO Batch #489: 9,999 flows | 366ms (27,298 fl/s) temp=267ms
ids-consumer  | 2026-04-24T12:07:19.580298012Z 2026-04-24 15:07:19,580 INFO Batch #490: 9,999 flows | 357ms (28,018 fl/s) temp=260ms
ids-consumer  | 2026-04-24T12:07:19.580323813Z 2026-04-24 15:07:19,580 INFO ── STATS ──────────────────────────────────────────
ids-consumer  | 2026-04-24T12:07:19.580326409Z 2026-04-24 15:07:19,580 INFO   Layers:     XGBoost (temporal) + Rules
ids-consumer  | 2026-04-24T12:07:19.580327570Z 2026-04-24 15:07:19,580 INFO   Throughput: 2,105 flows/sec
ids-consumer  | 2026-04-24T12:07:19.580364980Z 2026-04-24 15:07:19,580 INFO   Total:      424,936 flows in 202s
ids-consumer  | 2026-04-24T12:07:19.580368752Z [91m  * DoS-Hulk                      418,832[0m
ids-consumer  | 2026-04-24T12:07:19.580370891Z [92m    BENIGN                          6,104[0m
ids-consumer  | 2026-04-24T12:07:19.580372532Z 2026-04-24 15:07:19,580 INFO   Active attacks: 1
ids-consumer  | 2026-04-24T12:07:19.580442989Z 2026-04-24 15:07:19,580 INFO ───────────────────────────────────────────────────
ids-consumer  | 2026-04-24T12:07:20.575945038Z 2026-04-24 15:07:20,575 INFO Batch #491: 9,998 flows | 412ms (24,243 fl/s) temp=286ms
ids-consumer  | 2026-04-24T12:07:21.609842309Z 2026-04-24 15:07:21,609 INFO Batch #492: 9,999 flows | 425ms (23,517 fl/s) temp=259ms
ids-consumer  | 2026-04-24T12:07:22.520769225Z 2026-04-24 15:07:22,520 INFO Batch #493: 9,998 flows | 382ms (26,187 fl/s) temp=281ms
ids-consumer  | 2026-04-24T12:07:23.525932108Z 2026-04-24 15:07:23,525 INFO Batch #494: 9,999 flows | 383ms (26,081 fl/s) temp=282ms
ids-consumer  | 2026-04-24T12:07:24.533568712Z 2026-04-24 15:07:24,533 INFO Batch #495: 9,998 flows | 355ms (28,184 fl/s) temp=259ms
ids-consumer  | 2026-04-24T12:07:25.568651051Z 2026-04-24 15:07:25,568 INFO Batch #496: 9,999 flows | 398ms (25,094 fl/s) temp=287ms
ids-consumer  | 2026-04-24T12:07:26.558620176Z 2026-04-24 15:07:26,558 INFO Batch #497: 9,999 flows | 365ms (27,407 fl/s) temp=266ms
ids-consumer  | 2026-04-24T12:07:27.512091893Z 2026-04-24 15:07:27,511 INFO Batch #498: 9,999 flows | 363ms (27,516 fl/s) temp=267ms
ids-consumer  | 2026-04-24T12:07:28.543541024Z 2026-04-24 15:07:28,543 INFO Batch #499: 9,999 flows | 407ms (24,554 fl/s) temp=301ms
ids-consumer  | 2026-04-24T12:07:29.492798116Z 2026-04-24 15:07:29,492 INFO Batch #500: 9,999 flows | 358ms (27,894 fl/s) temp=261ms
ids-consumer  | 2026-04-24T12:07:30.524450278Z 2026-04-24 15:07:30,524 INFO Batch #501: 9,999 flows | 383ms (26,140 fl/s) temp=260ms
ids-consumer  | 2026-04-24T12:07:30.524472315Z 2026-04-24 15:07:30,524 INFO ── STATS ──────────────────────────────────────────
ids-consumer  | 2026-04-24T12:07:30.524474519Z 2026-04-24 15:07:30,524 INFO   Layers:     XGBoost (temporal) + Rules
ids-consumer  | 2026-04-24T12:07:30.524475659Z 2026-04-24 15:07:30,524 INFO   Throughput: 2,514 flows/sec
ids-consumer  | 2026-04-24T12:07:30.524476654Z 2026-04-24 15:07:30,524 INFO   Total:      534,922 flows in 213s
ids-consumer  | 2026-04-24T12:07:30.524477676Z [91m  * DoS-Hulk                      528,818[0m
ids-consumer  | 2026-04-24T12:07:30.524478900Z [92m    BENIGN                          6,104[0m
ids-consumer  | 2026-04-24T12:07:30.524508524Z 2026-04-24 15:07:30,524 INFO   Active attacks: 1
ids-consumer  | 2026-04-24T12:07:30.524513675Z 2026-04-24 15:07:30,524 INFO ───────────────────────────────────────────────────
ids-consumer  | 2026-04-24T12:07:31.535447449Z 2026-04-24 15:07:31,535 INFO Batch #502: 9,999 flows | 351ms (28,525 fl/s) temp=260ms
ids-consumer  | 2026-04-24T12:07:32.501875049Z 2026-04-24 15:07:32,501 INFO Batch #503: 9,998 flows | 349ms (28,638 fl/s) temp=259ms
ids-consumer  | 2026-04-24T12:07:33.486233231Z 2026-04-24 15:07:33,485 INFO Batch #504: 9,999 flows | 352ms (28,402 fl/s) temp=260ms
ids-consumer  | 2026-04-24T12:07:34.512981692Z 2026-04-24 15:07:34,512 INFO Batch #505: 9,999 flows | 348ms (28,701 fl/s) temp=259ms
ids-consumer  | 2026-04-24T12:07:35.490531624Z 2026-04-24 15:07:35,490 INFO Batch #506: 9,998 flows | 350ms (28,567 fl/s) temp=261ms
ids-consumer  | 2026-04-24T12:07:36.544897202Z 2026-04-24 15:07:36,544 INFO Batch #507: 9,998 flows | 358ms (27,914 fl/s) temp=262ms
ids-consumer  | 2026-04-24T12:07:37.518184553Z 2026-04-24 15:07:37,517 INFO Batch #508: 9,999 flows | 374ms (26,728 fl/s) temp=283ms
ids-consumer  | 2026-04-24T12:07:38.484857162Z 2026-04-24 15:07:38,484 INFO Batch #509: 9,998 flows | 347ms (28,783 fl/s) temp=260ms
ids-consumer  | 2026-04-24T12:07:39.518281656Z 2026-04-24 15:07:39,518 INFO Batch #510: 9,999 flows | 353ms (28,337 fl/s) temp=261ms
ids-consumer  | 2026-04-24T12:07:40.480200047Z 2026-04-24 15:07:40,479 INFO Batch #511: 9,998 flows | 343ms (29,130 fl/s) temp=261ms
ids-consumer  | 2026-04-24T12:07:41.532979007Z 2026-04-24 15:07:41,532 INFO Batch #512: 9,999 flows | 353ms (28,303 fl/s) temp=261ms
ids-consumer  | 2026-04-24T12:07:41.533002408Z 2026-04-24 15:07:41,532 INFO ── STATS ──────────────────────────────────────────
ids-consumer  | 2026-04-24T12:07:41.533006321Z 2026-04-24 15:07:41,532 INFO   Layers:     XGBoost (temporal) + Rules
ids-consumer  | 2026-04-24T12:07:41.533009127Z 2026-04-24 15:07:41,532 INFO   Throughput: 2,881 flows/sec
ids-consumer  | 2026-04-24T12:07:41.533011941Z 2026-04-24 15:07:41,532 INFO   Total:      644,906 flows in 224s
ids-consumer  | 2026-04-24T12:07:41.533014592Z [91m  * DoS-Hulk                      638,802[0m
ids-consumer  | 2026-04-24T12:07:41.533017012Z [92m    BENIGN                          6,104[0m
ids-consumer  | 2026-04-24T12:07:41.533019143Z 2026-04-24 15:07:41,532 INFO   Active attacks: 1
ids-consumer  | 2026-04-24T12:07:41.533024484Z 2026-04-24 15:07:41,532 INFO ───────────────────────────────────────────────────
ids-consumer  | 2026-04-24T12:07:42.484242968Z 2026-04-24 15:07:42,484 INFO Batch #513: 9,999 flows | 342ms (29,197 fl/s) temp=263ms
ids-consumer  | 2026-04-24T12:07:43.467924423Z 2026-04-24 15:07:43,467 INFO Batch #514: 9,999 flows | 333ms (30,021 fl/s) temp=255ms
ids-consumer  | 2026-04-24T12:07:44.494001609Z 2026-04-24 15:07:44,493 INFO Batch #515: 9,999 flows | 331ms (30,193 fl/s) temp=252ms
ids-consumer  | 2026-04-24T12:07:45.539121958Z 2026-04-24 15:07:45,538 INFO Batch #516: 9,999 flows | 333ms (29,985 fl/s) temp=255ms
ids-consumer  | 2026-04-24T12:07:46.518703461Z 2026-04-24 15:07:46,518 INFO Batch #517: 9,999 flows | 330ms (30,264 fl/s) temp=251ms
ids-consumer  | 2026-04-24T12:07:47.468685239Z 2026-04-24 15:07:47,468 INFO Batch #518: 9,999 flows | 332ms (30,137 fl/s) temp=252ms
ids-consumer  | 2026-04-24T12:07:48.538145660Z 2026-04-24 15:07:48,537 INFO Batch #519: 9,999 flows | 360ms (27,809 fl/s) temp=281ms
ids-consumer  | 2026-04-24T12:07:49.517671750Z 2026-04-24 15:07:49,517 INFO Batch #520: 9,999 flows | 331ms (30,226 fl/s) temp=252ms
ids-consumer  | 2026-04-24T12:07:50.537579357Z 2026-04-24 15:07:50,537 INFO Batch #521: 9,999 flows | 334ms (29,970 fl/s) temp=255ms
ids-consumer  | 2026-04-24T12:07:51.578761905Z 2026-04-24 15:07:51,578 INFO Batch #522: 9,999 flows | 331ms (30,195 fl/s) temp=252ms
ids-consumer  | 2026-04-24T12:07:51.578777548Z 2026-04-24 15:07:51,578 INFO ── STATS ──────────────────────────────────────────
ids-consumer  | 2026-04-24T12:07:51.578779801Z 2026-04-24 15:07:51,578 INFO   Layers:     XGBoost (temporal) + Rules
ids-consumer  | 2026-04-24T12:07:51.578781175Z 2026-04-24 15:07:51,578 INFO   Throughput: 3,185 flows/sec
ids-consumer  | 2026-04-24T12:07:51.578808797Z 2026-04-24 15:07:51,578 INFO   Total:      744,896 flows in 234s
ids-consumer  | 2026-04-24T12:07:51.578813997Z [91m  * DoS-Hulk                      738,792[0m
ids-consumer  | 2026-04-24T12:07:51.578815647Z [92m    BENIGN                          6,104[0m
ids-consumer  | 2026-04-24T12:07:51.578816839Z 2026-04-24 15:07:51,578 INFO   Active attacks: 1
ids-consumer  | 2026-04-24T12:07:51.578817959Z 2026-04-24 15:07:51,578 INFO ───────────────────────────────────────────────────
ids-consumer  | 2026-04-24T12:07:52.539906903Z 2026-04-24 15:07:52,539 INFO Batch #523: 9,999 flows | 334ms (29,894 fl/s) temp=254ms
ids-consumer  | 2026-04-24T12:07:53.533391382Z 2026-04-24 15:07:53,533 INFO Batch #524: 9,999 flows | 357ms (28,024 fl/s) temp=275ms
ids-consumer  | 2026-04-24T12:07:54.540620940Z 2026-04-24 15:07:54,540 INFO Batch #525: 9,999 flows | 332ms (30,110 fl/s) temp=254ms
ids-consumer  | 2026-04-24T12:07:55.581263127Z 2026-04-24 15:07:55,581 INFO Batch #526: 9,999 flows | 362ms (27,651 fl/s) temp=282ms
ids-consumer  | 2026-04-24T12:07:56.543996756Z 2026-04-24 15:07:56,543 INFO Batch #527: 9,999 flows | 334ms (29,965 fl/s) temp=255ms
ids-consumer  | 2026-04-24T12:07:57.541634220Z 2026-04-24 15:07:57,541 INFO Batch #528: 9,998 flows | 336ms (29,775 fl/s) temp=256ms
ids-consumer  | 2026-04-24T12:07:58.504122362Z 2026-04-24 15:07:58,503 INFO Batch #529: 9,999 flows | 332ms (30,108 fl/s) temp=252ms
ids-consumer  | 2026-04-24T12:07:59.545295140Z 2026-04-24 15:07:59,545 INFO Batch #530: 9,998 flows | 333ms (29,992 fl/s) temp=254ms
ids-consumer  | 2026-04-24T12:08:00.572079209Z 2026-04-24 15:08:00,571 INFO Batch #531: 9,999 flows | 328ms (30,450 fl/s) temp=250ms
ids-consumer  | 2026-04-24T12:08:01.535360853Z 2026-04-24 15:08:01,535 INFO Batch #532: 9,998 flows | 331ms (30,165 fl/s) temp=253ms
ids-consumer  | 2026-04-24T12:08:02.548374528Z 2026-04-24 15:08:02,548 INFO Batch #533: 9,999 flows | 345ms (28,995 fl/s) temp=256ms
ids-consumer  | 2026-04-24T12:08:02.548393250Z 2026-04-24 15:08:02,548 INFO ── STATS ──────────────────────────────────────────
ids-consumer  | 2026-04-24T12:08:02.548395578Z 2026-04-24 15:08:02,548 INFO   Layers:     XGBoost (temporal) + Rules
ids-consumer  | 2026-04-24T12:08:02.548396789Z 2026-04-24 15:08:02,548 INFO   Throughput: 3,492 flows/sec
ids-consumer  | 2026-04-24T12:08:02.548432871Z 2026-04-24 15:08:02,548 INFO   Total:      854,882 flows in 245s
ids-consumer  | 2026-04-24T12:08:02.548438248Z [91m  * DoS-Hulk                      848,776[0m
ids-consumer  | 2026-04-24T12:08:02.548439897Z [92m    BENIGN                          6,106[0m
ids-consumer  | 2026-04-24T12:08:02.548440966Z 2026-04-24 15:08:02,548 INFO   Active attacks: 1
ids-consumer  | 2026-04-24T12:08:02.548442078Z 2026-04-24 15:08:02,548 INFO ───────────────────────────────────────────────────
ids-consumer  | 2026-04-24T12:08:03.553968254Z 2026-04-24 15:08:03,553 INFO Batch #534: 9,998 flows | 330ms (30,300 fl/s) temp=251ms
ids-consumer  | 2026-04-24T12:08:04.529229854Z 2026-04-24 15:08:04,528 INFO Batch #535: 9,999 flows | 333ms (30,019 fl/s) temp=254ms
ids-consumer  | 2026-04-24T12:08:05.580073271Z 2026-04-24 15:08:05,579 INFO Batch #536: 9,998 flows | 330ms (30,280 fl/s) temp=252ms
ids-consumer  | 2026-04-24T12:08:06.514086426Z 2026-04-24 15:08:06,513 INFO Batch #537: 9,999 flows | 333ms (29,996 fl/s) temp=255ms
ids-consumer  | 2026-04-24T12:08:07.506913956Z 2026-04-24 15:08:07,506 INFO Batch #538: 9,998 flows | 332ms (30,144 fl/s) temp=253ms
ids-consumer  | 2026-04-24T12:08:08.542574632Z 2026-04-24 15:08:08,542 INFO Batch #539: 9,999 flows | 335ms (29,890 fl/s) temp=255ms
ids-consumer  | 2026-04-24T12:08:09.490056259Z 2026-04-24 15:08:09,489 INFO Batch #540: 9,998 flows | 350ms (28,553 fl/s) temp=263ms
ids-consumer  | 2026-04-24T12:08:10.509293675Z 2026-04-24 15:08:10,509 INFO Batch #541: 9,999 flows | 334ms (29,961 fl/s) temp=255ms
ids-consumer  | 2026-04-24T12:08:11.470935969Z 2026-04-24 15:08:11,470 INFO Batch #542: 9,998 flows | 332ms (30,078 fl/s) temp=254ms
ids-consumer  | 2026-04-24T12:08:12.501430951Z 2026-04-24 15:08:12,501 INFO Batch #543: 9,999 flows | 365ms (27,379 fl/s) temp=286ms
ids-consumer  | 2026-04-24T12:08:13.536930750Z 2026-04-24 15:08:13,536 INFO Batch #544: 9,998 flows | 334ms (29,963 fl/s) temp=254ms
ids-consumer  | 2026-04-24T12:08:13.536949052Z 2026-04-24 15:08:13,536 INFO ── STATS ──────────────────────────────────────────
ids-consumer  | 2026-04-24T12:08:13.536951756Z 2026-04-24 15:08:13,536 INFO   Layers:     XGBoost (temporal) + Rules
ids-consumer  | 2026-04-24T12:08:13.536987842Z 2026-04-24 15:08:13,536 INFO   Throughput: 3,772 flows/sec
ids-consumer  | 2026-04-24T12:08:13.536995777Z 2026-04-24 15:08:13,536 INFO   Total:      964,865 flows in 256s
ids-consumer  | 2026-04-24T12:08:13.536997818Z [91m  * DoS-Hulk                      958,759[0m
ids-consumer  | 2026-04-24T12:08:13.536999602Z [92m    BENIGN                          6,106[0m
ids-consumer  | 2026-04-24T12:08:13.537001055Z 2026-04-24 15:08:13,536 INFO   Active attacks: 1
ids-consumer  | 2026-04-24T12:08:13.537002526Z 2026-04-24 15:08:13,536 INFO ───────────────────────────────────────────────────
ids-consumer  | 2026-04-24T12:08:14.469258149Z 2026-04-24 15:08:14,469 INFO Batch #545: 9,999 flows | 333ms (30,037 fl/s) temp=254ms
ids-consumer  | 2026-04-24T12:08:15.502333740Z 2026-04-24 15:08:15,502 INFO Batch #546: 9,999 flows | 332ms (30,152 fl/s) temp=253ms
ids-consumer  | 2026-04-24T12:08:16.537152550Z 2026-04-24 15:08:16,536 INFO Batch #547: 9,998 flows | 332ms (30,083 fl/s) temp=253ms
ids-consumer  | 2026-04-24T12:08:17.539328680Z 2026-04-24 15:08:17,539 INFO Batch #548: 9,999 flows | 334ms (29,938 fl/s) temp=255ms
ids-consumer  | 2026-04-24T12:08:18.497148024Z 2026-04-24 15:08:18,496 INFO Batch #549: 9,998 flows | 333ms (30,032 fl/s) temp=254ms
ids-consumer  | 2026-04-24T12:08:19.543250403Z 2026-04-24 15:08:19,543 INFO Batch #550: 9,999 flows | 333ms (29,999 fl/s) temp=254ms
ids-consumer  | 2026-04-24T12:08:20.561765633Z 2026-04-24 15:08:20,561 INFO Batch #551: 9,998 flows | 339ms (29,468 fl/s) temp=259ms
ids-consumer  | 2026-04-24T12:08:21.508029886Z 2026-04-24 15:08:21,507 INFO Batch #552: 9,999 flows | 334ms (29,960 fl/s) temp=255ms
ids-consumer  | 2026-04-24T12:08:22.467118883Z 2026-04-24 15:08:22,466 INFO Batch #553: 9,998 flows | 333ms (30,013 fl/s) temp=254ms
ids-consumer  | 2026-04-24T12:08:23.604836182Z 2026-04-24 15:08:23,604 INFO Batch #554: 9,999 flows | 406ms (24,638 fl/s) temp=326ms
ids-consumer  | 2026-04-24T12:08:23.604857528Z 2026-04-24 15:08:23,604 INFO ── STATS ──────────────────────────────────────────
ids-consumer  | 2026-04-24T12:08:23.604860769Z 2026-04-24 15:08:23,604 INFO   Layers:     XGBoost (temporal) + Rules
ids-consumer  | 2026-04-24T12:08:23.604862012Z 2026-04-24 15:08:23,604 INFO   Throughput: 4,005 flows/sec
ids-consumer  | 2026-04-24T12:08:23.604864616Z 2026-04-24 15:08:23,604 INFO   Total:      1,064,851 flows in 266s
ids-consumer  | 2026-04-24T12:08:23.604865667Z [91m  * DoS-Hulk                     1,058,745[0m
ids-consumer  | 2026-04-24T12:08:23.604866987Z [92m    BENIGN                          6,106[0m
ids-consumer  | 2026-04-24T12:08:23.604927988Z 2026-04-24 15:08:23,604 INFO   Active attacks: 1
ids-consumer  | 2026-04-24T12:08:23.604932890Z 2026-04-24 15:08:23,604 INFO ───────────────────────────────────────────────────
ids-consumer  | 2026-04-24T12:08:24.467533364Z [91m2026-04-24 15:08:24 [NEW] [ML] DoS-GoldenEye          src=10.0.1.10        → 10.0.1.20:80 conf=0.56[0m
ids-consumer  | 2026-04-24T12:08:24.481506218Z 2026-04-24 15:08:24,481 INFO Batch #555: 9,998 flows | 332ms (30,121 fl/s) temp=253ms
ids-consumer  | 2026-04-24T12:08:25.547365860Z 2026-04-24 15:08:25,547 INFO Batch #556: 9,999 flows | 370ms (27,022 fl/s) temp=261ms
ids-consumer  | 2026-04-24T12:08:26.537332226Z 2026-04-24 15:08:26,537 INFO Batch #557: 9,998 flows | 337ms (29,698 fl/s) temp=258ms
ids-consumer  | 2026-04-24T12:08:27.542178187Z 2026-04-24 15:08:27,541 INFO Batch #558: 9,999 flows | 362ms (27,645 fl/s) temp=283ms
ids-consumer  | 2026-04-24T12:08:28.538067317Z 2026-04-24 15:08:28,537 INFO Batch #559: 9,998 flows | 333ms (30,041 fl/s) temp=254ms
ids-consumer  | 2026-04-24T12:08:29.467097342Z 2026-04-24 15:08:29,466 INFO Batch #560: 9,999 flows | 332ms (30,104 fl/s) temp=253ms
ids-consumer  | 2026-04-24T12:08:30.530897160Z 2026-04-24 15:08:30,530 INFO Batch #561: 9,998 flows | 331ms (30,242 fl/s) temp=252ms
ids-consumer  | 2026-04-24T12:08:31.536043133Z 2026-04-24 15:08:31,535 INFO Batch #562: 9,999 flows | 332ms (30,078 fl/s) temp=254ms
ids-consumer  | 2026-04-24T12:08:32.546528215Z 2026-04-24 15:08:32,546 INFO Batch #563: 9,998 flows | 334ms (29,937 fl/s) temp=255ms
ids-consumer  | 2026-04-24T12:08:33.569888872Z 2026-04-24 15:08:33,569 INFO Batch #564: 9,999 flows | 333ms (30,065 fl/s) temp=253ms
ids-consumer  | 2026-04-24T12:08:34.479134167Z 2026-04-24 15:08:34,478 INFO Batch #565: 9,998 flows | 333ms (30,058 fl/s) temp=253ms
ids-consumer  | 2026-04-24T12:08:34.479150989Z 2026-04-24 15:08:34,478 INFO ── STATS ──────────────────────────────────────────
ids-consumer  | 2026-04-24T12:08:34.479153196Z 2026-04-24 15:08:34,479 INFO   Layers:     XGBoost (temporal) + Rules
ids-consumer  | 2026-04-24T12:08:34.479154365Z 2026-04-24 15:08:34,479 INFO   Throughput: 4,245 flows/sec
ids-consumer  | 2026-04-24T12:08:34.479155443Z 2026-04-24 15:08:34,479 INFO   Total:      1,174,834 flows in 277s
ids-consumer  | 2026-04-24T12:08:34.479156493Z [91m  * DoS-Hulk                     1,168,723[0m
ids-consumer  | 2026-04-24T12:08:34.479157693Z [92m    BENIGN                          6,106[0m
ids-consumer  | 2026-04-24T12:08:34.479158719Z [91m  * DoS-GoldenEye                       5[0m
ids-consumer  | 2026-04-24T12:08:34.479159996Z 2026-04-24 15:08:34,479 INFO   Active attacks: 2
ids-consumer  | 2026-04-24T12:08:34.479178151Z 2026-04-24 15:08:34,479 INFO ───────────────────────────────────────────────────
ids-consumer  | 2026-04-24T12:08:35.507483818Z 2026-04-24 15:08:35,507 INFO Batch #566: 9,999 flows | 331ms (30,195 fl/s) temp=252ms
ids-consumer  | 2026-04-24T12:08:36.534685147Z 2026-04-24 15:08:36,534 INFO Batch #567: 9,999 flows | 333ms (30,018 fl/s) temp=254ms
ids-consumer  | 2026-04-24T12:08:37.462477270Z 2026-04-24 15:08:37,462 INFO Batch #568: 9,998 flows | 333ms (30,052 fl/s) temp=254ms
ids-consumer  | 2026-04-24T12:08:38.570853228Z 2026-04-24 15:08:38,570 INFO Batch #569: 9,999 flows | 332ms (30,098 fl/s) temp=253ms
ids-consumer  | 2026-04-24T12:08:39.784739526Z 2026-04-24 15:08:39,784 INFO Batch #570: 5,317 flows | 180ms (29,464 fl/s) temp=135ms
ids-consumer  | 2026-04-24T12:08:55.618977191Z [38;5;208m2026-04-24 15:08:55 [END] [ML] DoS-GoldenEye          src=10.0.1.10        duration=0s flows=5 conf=avg:0.56/max:0.56[0m
ids-consumer  | 2026-04-24T12:08:55.618997365Z 2026-04-24 15:08:55,618 INFO Batch #571: 1 flows | 6ms (178 fl/s) temp=0ms
ids-consumer  | 2026-04-24T12:08:55.619043946Z 2026-04-24 15:08:55,618 INFO ── STATS ──────────────────────────────────────────
ids-consumer  | 2026-04-24T12:08:55.619052301Z 2026-04-24 15:08:55,618 INFO   Layers:     XGBoost (temporal) + Rules
ids-consumer  | 2026-04-24T12:08:55.619054485Z 2026-04-24 15:08:55,618 INFO   Throughput: 4,096 flows/sec
ids-consumer  | 2026-04-24T12:08:55.619056102Z 2026-04-24 15:08:55,619 INFO   Total:      1,220,147 flows in 298s
ids-consumer  | 2026-04-24T12:08:55.619057599Z [91m  * DoS-Hulk                     1,214,031[0m
ids-consumer  | 2026-04-24T12:08:55.619059130Z [92m    BENIGN                          6,111[0m
ids-consumer  | 2026-04-24T12:08:55.619060636Z [91m  * DoS-GoldenEye                       5[0m
ids-consumer  | 2026-04-24T12:08:55.619075468Z 2026-04-24 15:08:55,619 INFO   Active attacks: 1
ids-consumer  | 2026-04-24T12:08:55.619095737Z 2026-04-24 15:08:55,619 INFO ───────────────────────────────────────────────────
ids-consumer  | 2026-04-24T12:09:59.578028177Z [38;5;208m2026-04-24 15:09:59 [END] [ML] DoS-Hulk               src=10.0.1.10        duration=121s flows=1,214,031 conf=avg:0.95/max:1.00[0m
ids-consumer  | 2026-04-24T12:09:59.578050332Z [96m2026-04-24 15:09:59 [SPAN] src=10.0.1.10        wall_clock=201s total_flows=1,214,036 labels=[DoS-GoldenEye, DoS-Hulk][0m
ids-consumer  | 2026-04-24T12:09:59.578052621Z 2026-04-24 15:09:59,577 INFO Batch #572: 1 flows | 6ms (175 fl/s) temp=0ms
ids-consumer  | 2026-04-24T12:09:59.578054273Z 2026-04-24 15:09:59,577 INFO ── STATS ──────────────────────────────────────────
ids-consumer  | 2026-04-24T12:09:59.578058178Z 2026-04-24 15:09:59,577 INFO   Layers:     XGBoost (temporal) + Rules
ids-consumer  | 2026-04-24T12:09:59.578059736Z 2026-04-24 15:09:59,577 INFO   Throughput: 3,372 flows/sec
ids-consumer  | 2026-04-24T12:09:59.578061142Z 2026-04-24 15:09:59,577 INFO   Total:      1,220,148 flows in 362s
ids-consumer  | 2026-04-24T12:09:59.578062598Z [91m  * DoS-Hulk                     1,214,031[0m
ids-consumer  | 2026-04-24T12:09:59.578064095Z [92m    BENIGN                          6,112[0m
ids-consumer  | 2026-04-24T12:09:59.578065455Z [91m  * DoS-GoldenEye                       5[0m
ids-consumer  | 2026-04-24T12:09:59.578066853Z 2026-04-24 15:09:59,578 INFO ───────────────────────────────────────────────────
ids-consumer  | 2026-04-24T12:10:15.202301718Z WARNING: Using incubator modules: jdk.incubator.vector
ids-consumer  | 2026-04-24T12:10:15.721995684Z Using Spark's default log4j profile: org/apache/spark/log4j2-defaults.properties
ids-consumer  | 2026-04-24T12:10:15.739511772Z 26/04/24 15:10:15 WARN Utils: Your hostname, usrv01, resolves to a loopback address: 127.0.1.1; using 192.168.88.200 instead (on interface eno1)
ids-consumer  | 2026-04-24T12:10:15.741420440Z 26/04/24 15:10:15 WARN Utils: Set SPARK_LOCAL_IP if you need to bind to another address
ids-consumer  | 2026-04-24T12:10:16.771425191Z /usr/local/lib/python3.10/dist-packages/sklearn/base.py:442: InconsistentVersionWarning: Trying to unpickle estimator LabelEncoder from version 1.8.0 when using version 1.7.2. This might lead to breaking code or invalid results. Use at your own risk. For more info please refer to:
ids-consumer  | 2026-04-24T12:10:16.771446138Z https://scikit-learn.org/stable/model_persistence.html#security-maintainability-limitations
ids-consumer  | 2026-04-24T12:10:16.771448295Z   warnings.warn(
ids-consumer  | 2026-04-24T12:10:16.771465822Z 2026-04-24 15:10:16,771 INFO XGBoost loaded | classes=['BENIGN', 'Bot', 'DDOS-HOIC', 'DoS-GoldenEye', 'DoS-Hulk', 'DoS-SlowHTTPTest', 'DoS-Slowloris', 'FTP-BruteForce', 'SSH-Bruteforce'] | features=17
ids-consumer  | 2026-04-24T12:10:28.737065069Z 2026-04-24 15:10:28,736 INFO Temporal features enabled (window=60.0s, 17 features)
ids-consumer  | 2026-04-24T12:10:28.737894169Z 2026-04-24 15:10:28,737 INFO Rule engine enabled
ids-consumer  | 2026-04-24T12:10:29.086680489Z Using Spark's default log4j profile: org/apache/spark/log4j2-defaults.properties
ids-consumer  | 2026-04-24T12:10:29.088939161Z 26/04/24 15:10:29 INFO SparkContext: Running Spark version 4.1.1
ids-consumer  | 2026-04-24T12:10:29.089258746Z 26/04/24 15:10:29 INFO SparkContext: OS info Linux, 6.17.0-22-generic, amd64
ids-consumer  | 2026-04-24T12:10:29.089394415Z 26/04/24 15:10:29 INFO SparkContext: Java version 21.0.10+7-LTS
ids-consumer  | 2026-04-24T12:10:29.138171134Z 26/04/24 15:10:29 WARN NativeCodeLoader: Unable to load native-hadoop library for your platform... using builtin-java classes where applicable
ids-consumer  | 2026-04-24T12:10:29.167871215Z 26/04/24 15:10:29 INFO ResourceUtils: ==============================================================
ids-consumer  | 2026-04-24T12:10:29.168145940Z 26/04/24 15:10:29 INFO ResourceUtils: No custom resources configured for spark.driver.
ids-consumer  | 2026-04-24T12:10:29.168343255Z 26/04/24 15:10:29 INFO ResourceUtils: ==============================================================
ids-consumer  | 2026-04-24T12:10:29.168571136Z 26/04/24 15:10:29 INFO SparkContext: Submitted application: zeek-ids
ids-consumer  | 2026-04-24T12:10:29.196689685Z 26/04/24 15:10:29 INFO SecurityManager: Changing view acls to: spark
ids-consumer  | 2026-04-24T12:10:29.196891097Z 26/04/24 15:10:29 INFO SecurityManager: Changing modify acls to: spark
ids-consumer  | 2026-04-24T12:10:29.197122649Z 26/04/24 15:10:29 INFO SecurityManager: Changing view acls groups to: spark
ids-consumer  | 2026-04-24T12:10:29.197319060Z 26/04/24 15:10:29 INFO SecurityManager: Changing modify acls groups to: spark
ids-consumer  | 2026-04-24T12:10:29.197636614Z 26/04/24 15:10:29 INFO SecurityManager: SecurityManager: authentication disabled; ui acls disabled; users with view permissions: spark groups with view permissions: EMPTY; users with modify permissions: spark; groups with modify permissions: EMPTY; RPC SSL disabled
ids-consumer  | 2026-04-24T12:10:29.334153811Z 26/04/24 15:10:29 INFO Utils: Successfully started service 'sparkDriver' on port 35409.
ids-consumer  | 2026-04-24T12:10:29.348950805Z 26/04/24 15:10:29 INFO SparkEnv: Registering MapOutputTracker
ids-consumer  | 2026-04-24T12:10:29.356489230Z 26/04/24 15:10:29 INFO SparkEnv: Registering BlockManagerMaster
ids-consumer  | 2026-04-24T12:10:29.367266167Z 26/04/24 15:10:29 INFO BlockManagerMasterEndpoint: Using org.apache.spark.storage.DefaultTopologyMapper for getting topology information
ids-consumer  | 2026-04-24T12:10:29.367489083Z 26/04/24 15:10:29 INFO BlockManagerMasterEndpoint: BlockManagerMasterEndpoint up
ids-consumer  | 2026-04-24T12:10:29.369229435Z 26/04/24 15:10:29 INFO SparkEnv: Registering BlockManagerMasterHeartbeat
ids-consumer  | 2026-04-24T12:10:29.381600829Z 26/04/24 15:10:29 INFO DiskBlockManager: Created local directory at /tmp/blockmgr-66483ed4-7c16-4f78-862d-ddc7c138d19c
ids-consumer  | 2026-04-24T12:10:29.392810936Z 26/04/24 15:10:29 INFO SparkEnv: Registering OutputCommitCoordinator
ids-consumer  | 2026-04-24T12:10:29.453102374Z 26/04/24 15:10:29 INFO JettyUtils: Start Jetty 0.0.0.0:4040 for SparkUI
ids-consumer  | 2026-04-24T12:10:29.499092658Z 26/04/24 15:10:29 INFO Utils: Successfully started service 'SparkUI' on port 4040.
ids-consumer  | 2026-04-24T12:10:29.533498994Z 26/04/24 15:10:29 INFO ResourceProfile: Default ResourceProfile created, executor resources: Map(cores -> name: cores, amount: 1, script: , vendor: , memory -> name: memory, amount: 1024, script: , vendor: , offHeap -> name: offHeap, amount: 0, script: , vendor: ), task resources: Map(cpus -> name: cpus, amount: 1.0)
ids-consumer  | 2026-04-24T12:10:29.534378961Z 26/04/24 15:10:29 INFO ResourceProfile: Limiting resource is cpu
ids-consumer  | 2026-04-24T12:10:29.534636178Z 26/04/24 15:10:29 INFO ResourceProfileManager: Added ResourceProfile id: 0
ids-consumer  | 2026-04-24T12:10:29.540615335Z 26/04/24 15:10:29 INFO SecurityManager: Changing view acls to: spark
ids-consumer  | 2026-04-24T12:10:29.540660810Z 26/04/24 15:10:29 INFO SecurityManager: Changing modify acls to: spark
ids-consumer  | 2026-04-24T12:10:29.540760251Z 26/04/24 15:10:29 INFO SecurityManager: Changing view acls groups to: spark
ids-consumer  | 2026-04-24T12:10:29.540888286Z 26/04/24 15:10:29 INFO SecurityManager: Changing modify acls groups to: spark
ids-consumer  | 2026-04-24T12:10:29.540994446Z 26/04/24 15:10:29 INFO SecurityManager: SecurityManager: authentication disabled; ui acls disabled; users with view permissions: spark groups with view permissions: EMPTY; users with modify permissions: spark; groups with modify permissions: EMPTY; RPC SSL disabled
ids-consumer  | 2026-04-24T12:10:29.624873349Z 26/04/24 15:10:29 INFO Executor: Starting executor ID driver on host 192.168.88.200
ids-consumer  | 2026-04-24T12:10:29.625109118Z 26/04/24 15:10:29 INFO Executor: OS info Linux, 6.17.0-22-generic, amd64
ids-consumer  | 2026-04-24T12:10:29.625275325Z 26/04/24 15:10:29 INFO Executor: Java version 21.0.10+7-LTS
ids-consumer  | 2026-04-24T12:10:29.628777610Z 26/04/24 15:10:29 INFO Executor: Starting executor with user classpath (userClassPathFirst = false): ''
ids-consumer  | 2026-04-24T12:10:29.629297419Z 26/04/24 15:10:29 INFO Executor: Created or updated repl class loader org.apache.spark.util.MutableURLClassLoader@64af7d74 for default.
ids-consumer  | 2026-04-24T12:10:29.640920527Z 26/04/24 15:10:29 INFO Utils: Successfully started service 'org.apache.spark.network.netty.NettyBlockTransferService' on port 46515.
ids-consumer  | 2026-04-24T12:10:29.647165469Z 26/04/24 15:10:29 INFO NettyBlockTransferService: Server created on 192.168.88.200:46515
ids-consumer  | 2026-04-24T12:10:29.648170029Z 26/04/24 15:10:29 INFO BlockManager: Using org.apache.spark.storage.RandomBlockReplicationPolicy for block replication policy
ids-consumer  | 2026-04-24T12:10:29.660699603Z 26/04/24 15:10:29 INFO BlockManagerMaster: Registering BlockManager BlockManagerId(driver, 192.168.88.200, 46515, None)
ids-consumer  | 2026-04-24T12:10:29.663549305Z 26/04/24 15:10:29 INFO BlockManagerMasterEndpoint: Registering block manager 192.168.88.200:46515 with 4.6 GiB RAM, BlockManagerId(driver, 192.168.88.200, 46515, None)
ids-consumer  | 2026-04-24T12:10:29.664995310Z 26/04/24 15:10:29 INFO BlockManagerMaster: Registered BlockManager BlockManagerId(driver, 192.168.88.200, 46515, None)
ids-consumer  | 2026-04-24T12:10:29.665657471Z 26/04/24 15:10:29 INFO BlockManager: Initialized BlockManager: BlockManagerId(driver, 192.168.88.200, 46515, None)
ids-consumer  | 2026-04-24T12:10:30.881233115Z 2026-04-24 15:10:30,881 INFO Spark 4.1.1 started
ids-consumer  | 2026-04-24T12:10:31.642815771Z 26/04/24 15:10:31 WARN ResolveWriteToStream: spark.sql.adaptive.enabled is not supported in streaming DataFrames/Datasets and will be disabled.
ids-consumer  | 2026-04-24T12:10:31.741304240Z 2026-04-24 15:10:31,741 INFO Listening for Zeek flows...
ids-consumer  | 2026-04-24T12:11:03.435219989Z 2026-04-24 15:11:03,435 INFO Batch #573: 1 flows | 7ms (150 fl/s) temp=0ms
ids-consumer  | 2026-04-24T12:11:03.435243635Z 2026-04-24 15:11:03,435 INFO ── STATS ──────────────────────────────────────────
ids-consumer  | 2026-04-24T12:11:03.435254405Z 2026-04-24 15:11:03,435 INFO   Layers:     XGBoost (temporal) + Rules
ids-consumer  | 2026-04-24T12:11:03.435255922Z 2026-04-24 15:11:03,435 INFO   Throughput: 0 flows/sec
ids-consumer  | 2026-04-24T12:11:03.435261064Z 2026-04-24 15:11:03,435 INFO   Total:      1 flows in 35s
ids-consumer  | 2026-04-24T12:11:03.435262261Z [92m    BENIGN                              1[0m
ids-consumer  | 2026-04-24T12:11:03.435289817Z 2026-04-24 15:11:03,435 INFO ───────────────────────────────────────────────────
ids-consumer  | 2026-04-24T12:11:03.462874517Z 26/04/24 15:11:03 WARN ProcessingTimeExecutor: Current batch is falling behind. The trigger interval is 1000 milliseconds, but spent 1461 milliseconds
ids-consumer  | 2026-04-24T12:11:31.591322815Z 2026-04-24 15:11:31,591 INFO Batch #574: 272 flows | 41ms (6,658 fl/s) temp=14ms
ids-consumer  | 2026-04-24T12:11:31.591348509Z 2026-04-24 15:11:31,591 INFO ── STATS ──────────────────────────────────────────
ids-consumer  | 2026-04-24T12:11:31.591351555Z 2026-04-24 15:11:31,591 INFO   Layers:     XGBoost (temporal) + Rules
ids-consumer  | 2026-04-24T12:11:31.591353404Z 2026-04-24 15:11:31,591 INFO   Throughput: 4 flows/sec
ids-consumer  | 2026-04-24T12:11:31.591411335Z 2026-04-24 15:11:31,591 INFO   Total:      273 flows in 63s
ids-consumer  | 2026-04-24T12:11:31.591417610Z [92m    BENIGN                            273[0m
ids-consumer  | 2026-04-24T12:11:31.591419188Z 2026-04-24 15:11:31,591 INFO ───────────────────────────────────────────────────
ids-consumer  | 2026-04-24T12:11:32.649577385Z 2026-04-24 15:11:32,649 INFO Batch #575: 756 flows | 49ms (15,517 fl/s) temp=20ms
ids-consumer  | 2026-04-24T12:11:33.700945805Z [91m2026-04-24 15:11:33 [NEW] [ML] DDOS-HOIC              src=10.0.1.10        → 10.0.1.20:80 conf=0.94[0m
ids-consumer  | 2026-04-24T12:11:33.701739006Z 2026-04-24 15:11:33,701 INFO Batch #576: 1,227 flows | 71ms (17,230 fl/s) temp=32ms
ids-consumer  | 2026-04-24T12:11:34.212557658Z [91m2026-04-24 15:11:34 [NEW] [ML] DoS-Hulk               src=10.0.1.10        → 10.0.1.20:80 conf=0.46[0m
ids-consumer  | 2026-04-24T12:11:34.217569379Z 2026-04-24 15:11:34,217 INFO Batch #577: 1,562 flows | 64ms (24,432 fl/s) temp=41ms
ids-consumer  | 2026-04-24T12:11:35.205194264Z 2026-04-24 15:11:35,204 INFO Batch #578: 1,891 flows | 92ms (20,562 fl/s) temp=69ms
ids-consumer  | 2026-04-24T12:11:36.717938847Z 2026-04-24 15:11:36,717 INFO Batch #579: 2,835 flows | 115ms (24,746 fl/s) temp=82ms
ids-consumer  | 2026-04-24T12:11:37.713618623Z 2026-04-24 15:11:37,713 INFO Batch #580: 2,985 flows | 111ms (26,986 fl/s) temp=78ms
ids-consumer  | 2026-04-24T12:11:38.164096889Z 2026-04-24 15:11:38,163 INFO Batch #581: 2,000 flows | 76ms (26,317 fl/s) temp=52ms
ids-consumer  | 2026-04-24T12:11:39.693511805Z 2026-04-24 15:11:39,693 INFO Batch #582: 2,069 flows | 97ms (21,413 fl/s) temp=66ms
ids-consumer  | 2026-04-24T12:11:40.667353403Z 2026-04-24 15:11:40,667 INFO Batch #583: 1,933 flows | 73ms (26,304 fl/s) temp=51ms
ids-consumer  | 2026-04-24T12:11:41.710998048Z 2026-04-24 15:11:41,710 INFO Batch #584: 2,792 flows | 105ms (26,716 fl/s) temp=74ms
ids-consumer  | 2026-04-24T12:11:41.711020976Z 2026-04-24 15:11:41,710 INFO ── STATS ──────────────────────────────────────────
ids-consumer  | 2026-04-24T12:11:41.711024508Z 2026-04-24 15:11:41,710 INFO   Layers:     XGBoost (temporal) + Rules
ids-consumer  | 2026-04-24T12:11:41.711026387Z 2026-04-24 15:11:41,710 INFO   Throughput: 278 flows/sec
ids-consumer  | 2026-04-24T12:11:41.711045063Z 2026-04-24 15:11:41,710 INFO   Total:      20,323 flows in 73s
ids-consumer  | 2026-04-24T12:11:41.711050945Z [91m  * DoS-Hulk                       17,078[0m
ids-consumer  | 2026-04-24T12:11:41.711052608Z [92m    BENIGN                          2,082[0m
ids-consumer  | 2026-04-24T12:11:41.711053675Z [91m  * DDOS-HOIC                       1,163[0m
ids-consumer  | 2026-04-24T12:11:41.711054714Z 2026-04-24 15:11:41,710 INFO   Active attacks: 2
ids-consumer  | 2026-04-24T12:11:41.711056042Z 2026-04-24 15:11:41,711 INFO ───────────────────────────────────────────────────
ids-consumer  | 2026-04-24T12:11:42.697151652Z 2026-04-24 15:11:42,696 INFO Batch #585: 2,805 flows | 105ms (26,592 fl/s) temp=74ms
ids-consumer  | 2026-04-24T12:11:43.726676248Z 2026-04-24 15:11:43,726 INFO Batch #586: 3,424 flows | 132ms (25,946 fl/s) temp=95ms
ids-consumer  | 2026-04-24T12:11:44.656822079Z 2026-04-24 15:11:44,656 INFO Batch #587: 1,934 flows | 78ms (24,916 fl/s) temp=51ms
ids-consumer  | 2026-04-24T12:11:45.759688511Z 2026-04-24 15:11:45,759 INFO Batch #588: 3,833 flows | 139ms (27,493 fl/s) temp=100ms
ids-consumer  | 2026-04-24T12:11:46.450688045Z 2026-04-24 15:11:46,450 INFO Batch #589: 2,503 flows | 95ms (26,463 fl/s) temp=65ms
ids-consumer  | 2026-04-24T12:11:47.697153208Z 2026-04-24 15:11:47,696 INFO Batch #590: 2,745 flows | 106ms (25,829 fl/s) temp=74ms
ids-consumer  | 2026-04-24T12:11:48.630930490Z 2026-04-24 15:11:48,630 INFO Batch #591: 1,513 flows | 60ms (25,038 fl/s) temp=40ms
ids-consumer  | 2026-04-24T12:11:49.701039323Z 2026-04-24 15:11:49,700 INFO Batch #592: 2,900 flows | 112ms (25,974 fl/s) temp=75ms
ids-consumer  | 2026-04-24T12:11:50.583443090Z 2026-04-24 15:11:50,583 INFO Batch #593: 2,479 flows | 102ms (24,224 fl/s) temp=73ms
ids-consumer  | 2026-04-24T12:11:51.688512801Z 2026-04-24 15:11:51,688 INFO Batch #594: 2,553 flows | 104ms (24,465 fl/s) temp=67ms
ids-consumer  | 2026-04-24T12:11:52.221228943Z 2026-04-24 15:11:52,221 INFO Batch #595: 2,809 flows | 106ms (26,568 fl/s) temp=74ms
ids-consumer  | 2026-04-24T12:11:52.221247938Z 2026-04-24 15:11:52,221 INFO ── STATS ──────────────────────────────────────────
ids-consumer  | 2026-04-24T12:11:52.221250379Z 2026-04-24 15:11:52,221 INFO   Layers:     XGBoost (temporal) + Rules
ids-consumer  | 2026-04-24T12:11:52.221251478Z 2026-04-24 15:11:52,221 INFO   Throughput: 597 flows/sec
ids-consumer  | 2026-04-24T12:11:52.221252486Z 2026-04-24 15:11:52,221 INFO   Total:      49,821 flows in 83s
ids-consumer  | 2026-04-24T12:11:52.221253492Z [91m  * DoS-Hulk                       46,576[0m
ids-consumer  | 2026-04-24T12:11:52.221254722Z [92m    BENIGN                          2,082[0m
ids-consumer  | 2026-04-24T12:11:52.221265541Z [91m  * DDOS-HOIC                       1,163[0m
ids-consumer  | 2026-04-24T12:11:52.221267879Z 2026-04-24 15:11:52,221 INFO   Active attacks: 2
ids-consumer  | 2026-04-24T12:11:52.221272437Z 2026-04-24 15:11:52,221 INFO ───────────────────────────────────────────────────
ids-consumer  | 2026-04-24T12:11:53.250825532Z 2026-04-24 15:11:53,250 INFO Batch #596: 2,750 flows | 105ms (26,276 fl/s) temp=72ms
ids-consumer  | 2026-04-24T12:11:54.696612098Z 2026-04-24 15:11:54,696 INFO Batch #597: 2,798 flows | 104ms (26,875 fl/s) temp=73ms
ids-consumer  | 2026-04-24T12:11:55.405790039Z 2026-04-24 15:11:55,405 INFO Batch #598: 2,420 flows | 100ms (24,288 fl/s) temp=70ms
ids-consumer  | 2026-04-24T12:11:56.701270066Z 2026-04-24 15:11:56,701 INFO Batch #599: 2,688 flows | 111ms (24,259 fl/s) temp=79ms
ids-consumer  | 2026-04-24T12:11:57.680708012Z 2026-04-24 15:11:57,680 INFO Batch #600: 2,543 flows | 96ms (26,512 fl/s) temp=66ms
ids-consumer  | 2026-04-24T12:11:58.429111822Z 2026-04-24 15:11:58,428 INFO Batch #601: 3,136 flows | 116ms (26,925 fl/s) temp=82ms
ids-consumer  | 2026-04-24T12:11:59.478670495Z 2026-04-24 15:11:59,478 INFO Batch #602: 2,615 flows | 124ms (21,006 fl/s) temp=95ms
ids-consumer  | 2026-04-24T12:12:00.656434175Z 2026-04-24 15:12:00,656 INFO Batch #603: 1,947 flows | 75ms (26,078 fl/s) temp=51ms
ids-consumer  | 2026-04-24T12:12:01.723432811Z 2026-04-24 15:12:01,723 INFO Batch #604: 3,499 flows | 130ms (26,821 fl/s) temp=92ms
ids-consumer  | 2026-04-24T12:12:02.681562734Z 2026-04-24 15:12:02,681 INFO Batch #605: 2,502 flows | 98ms (25,641 fl/s) temp=67ms
ids-consumer  | 2026-04-24T12:12:02.681579799Z 2026-04-24 15:12:02,681 INFO ── STATS ──────────────────────────────────────────
ids-consumer  | 2026-04-24T12:12:02.681582948Z 2026-04-24 15:12:02,681 INFO   Layers:     XGBoost (temporal) + Rules
ids-consumer  | 2026-04-24T12:12:02.681584862Z 2026-04-24 15:12:02,681 INFO   Throughput: 817 flows/sec
ids-consumer  | 2026-04-24T12:12:02.681586638Z 2026-04-24 15:12:02,681 INFO   Total:      76,719 flows in 94s
ids-consumer  | 2026-04-24T12:12:02.681587962Z [91m  * DoS-Hulk                       73,473[0m
ids-consumer  | 2026-04-24T12:12:02.681589911Z [92m    BENIGN                          2,083[0m
ids-consumer  | 2026-04-24T12:12:02.681591653Z [91m  * DDOS-HOIC                       1,163[0m
ids-consumer  | 2026-04-24T12:12:02.681618494Z 2026-04-24 15:12:02,681 INFO   Active attacks: 2
ids-consumer  | 2026-04-24T12:12:02.681623688Z 2026-04-24 15:12:02,681 INFO ───────────────────────────────────────────────────
ids-consumer  | 2026-04-24T12:12:03.631600625Z 2026-04-24 15:12:03,631 INFO Batch #606: 1,436 flows | 58ms (24,667 fl/s) temp=38ms
ids-consumer  | 2026-04-24T12:12:04.246181571Z 2026-04-24 15:12:04,246 INFO Batch #607: 2,841 flows | 106ms (26,748 fl/s) temp=74ms
ids-consumer  | 2026-04-24T12:12:05.214046791Z [38;5;208m2026-04-24 15:12:05 [END] [ML] DDOS-HOIC              src=10.0.1.10        duration=1s flows=1,163 conf=avg:0.77/max:0.98[0m
ids-consumer  | 2026-04-24T12:12:05.214065530Z 2026-04-24 15:12:05,213 INFO Batch #608: 2,784 flows | 107ms (26,127 fl/s) temp=73ms
ids-consumer  | 2026-04-24T12:12:06.718741686Z 2026-04-24 15:12:06,718 INFO Batch #609: 3,409 flows | 128ms (26,576 fl/s) temp=89ms
ids-consumer  | 2026-04-24T12:12:07.670864787Z 2026-04-24 15:12:07,670 INFO Batch #610: 2,404 flows | 91ms (26,561 fl/s) temp=63ms
ids-consumer  | 2026-04-24T12:12:08.700206412Z 2026-04-24 15:12:08,700 INFO Batch #611: 3,116 flows | 115ms (27,151 fl/s) temp=81ms
ids-consumer  | 2026-04-24T12:12:09.656226331Z 2026-04-24 15:12:09,656 INFO Batch #612: 2,026 flows | 79ms (25,653 fl/s) temp=53ms
ids-consumer  | 2026-04-24T12:12:10.674080460Z 2026-04-24 15:12:10,673 INFO Batch #613: 2,393 flows | 90ms (26,624 fl/s) temp=62ms
ids-consumer  | 2026-04-24T12:12:11.744548177Z 2026-04-24 15:12:11,744 INFO Batch #614: 3,214 flows | 122ms (26,334 fl/s) temp=86ms
ids-consumer  | 2026-04-24T12:12:12.702207709Z 2026-04-24 15:12:12,701 INFO Batch #615: 2,596 flows | 111ms (23,454 fl/s) temp=69ms
ids-consumer  | 2026-04-24T12:12:12.702226588Z 2026-04-24 15:12:12,702 INFO ── STATS ──────────────────────────────────────────
ids-consumer  | 2026-04-24T12:12:12.702229212Z 2026-04-24 15:12:12,702 INFO   Layers:     XGBoost (temporal) + Rules
ids-consumer  | 2026-04-24T12:12:12.702269767Z 2026-04-24 15:12:12,702 INFO   Throughput: 990 flows/sec
ids-consumer  | 2026-04-24T12:12:12.702276906Z 2026-04-24 15:12:12,702 INFO   Total:      102,938 flows in 104s
ids-consumer  | 2026-04-24T12:12:12.702299641Z [91m  * DoS-Hulk                       99,691[0m
ids-consumer  | 2026-04-24T12:12:12.702302785Z [92m    BENIGN                          2,084[0m
ids-consumer  | 2026-04-24T12:12:12.702304405Z [91m  * DDOS-HOIC                       1,163[0m
ids-consumer  | 2026-04-24T12:12:12.702343805Z 2026-04-24 15:12:12,702 INFO   Active attacks: 1
ids-consumer  | 2026-04-24T12:12:12.702380842Z 2026-04-24 15:12:12,702 INFO ───────────────────────────────────────────────────
ids-consumer  | 2026-04-24T12:12:13.666812290Z 2026-04-24 15:12:13,666 INFO Batch #616: 1,940 flows | 82ms (23,589 fl/s) temp=57ms
ids-consumer  | 2026-04-24T12:12:14.194338999Z 2026-04-24 15:12:14,194 INFO Batch #617: 2,725 flows | 102ms (26,678 fl/s) temp=71ms
ids-consumer  | 2026-04-24T12:12:15.708633404Z 2026-04-24 15:12:15,708 INFO Batch #618: 2,718 flows | 110ms (24,694 fl/s) temp=80ms
ids-consumer  | 2026-04-24T12:12:16.465825911Z 2026-04-24 15:12:16,465 INFO Batch #619: 2,220 flows | 84ms (26,296 fl/s) temp=57ms
ids-consumer  | 2026-04-24T12:12:17.730238872Z 2026-04-24 15:12:17,730 INFO Batch #620: 3,779 flows | 138ms (27,474 fl/s) temp=98ms
ids-consumer  | 2026-04-24T12:12:18.653935774Z 2026-04-24 15:12:18,653 INFO Batch #621: 1,999 flows | 82ms (24,436 fl/s) temp=57ms
ids-consumer  | 2026-04-24T12:12:19.680207895Z 2026-04-24 15:12:19,680 INFO Batch #622: 2,578 flows | 97ms (26,652 fl/s) temp=68ms
ids-consumer  | 2026-04-24T12:12:20.151398771Z 2026-04-24 15:12:20,151 INFO Batch #623: 2,000 flows | 76ms (26,418 fl/s) temp=52ms
ids-consumer  | 2026-04-24T12:12:21.190460729Z 2026-04-24 15:12:21,190 INFO Batch #624: 2,668 flows | 105ms (25,391 fl/s) temp=73ms
ids-consumer  | 2026-04-24T12:12:22.665795859Z 2026-04-24 15:12:22,665 INFO Batch #625: 2,924 flows | 110ms (26,554 fl/s) temp=77ms
ids-consumer  | 2026-04-24T12:12:23.704330333Z 2026-04-24 15:12:23,704 INFO Batch #626: 2,881 flows | 119ms (24,263 fl/s) temp=84ms
ids-consumer  | 2026-04-24T12:12:23.704353155Z 2026-04-24 15:12:23,704 INFO ── STATS ──────────────────────────────────────────
ids-consumer  | 2026-04-24T12:12:23.704356628Z 2026-04-24 15:12:23,704 INFO   Layers:     XGBoost (temporal) + Rules
ids-consumer  | 2026-04-24T12:12:23.704358440Z 2026-04-24 15:12:23,704 INFO   Throughput: 1,143 flows/sec
ids-consumer  | 2026-04-24T12:12:23.704360587Z 2026-04-24 15:12:23,704 INFO   Total:      131,370 flows in 115s
ids-consumer  | 2026-04-24T12:12:23.704362352Z [91m  * DoS-Hulk                      128,123[0m
ids-consumer  | 2026-04-24T12:12:23.704364428Z [92m    BENIGN                          2,084[0m
ids-consumer  | 2026-04-24T12:12:23.704366304Z [91m  * DDOS-HOIC                       1,163[0m
ids-consumer  | 2026-04-24T12:12:23.704374465Z 2026-04-24 15:12:23,704 INFO   Active attacks: 1
ids-consumer  | 2026-04-24T12:12:23.704379843Z 2026-04-24 15:12:23,704 INFO ───────────────────────────────────────────────────
ids-consumer  | 2026-04-24T12:12:24.675345196Z 2026-04-24 15:12:24,675 INFO Batch #627: 2,553 flows | 96ms (26,560 fl/s) temp=66ms
ids-consumer  | 2026-04-24T12:12:25.687058451Z 2026-04-24 15:12:25,686 INFO Batch #628: 2,873 flows | 107ms (26,825 fl/s) temp=75ms
ids-consumer  | 2026-04-24T12:12:26.148550680Z 2026-04-24 15:12:26,148 INFO Batch #629: 2,000 flows | 79ms (25,314 fl/s) temp=53ms
ids-consumer  | 2026-04-24T12:12:27.703767843Z 2026-04-24 15:12:27,703 INFO Batch #630: 3,207 flows | 120ms (26,734 fl/s) temp=84ms
ids-consumer  | 2026-04-24T12:12:28.757077117Z 2026-04-24 15:12:28,756 INFO Batch #631: 2,637 flows | 128ms (20,675 fl/s) temp=89ms
ids-consumer  | 2026-04-24T12:12:29.349831489Z 2026-04-24 15:12:29,349 INFO Batch #632: 2,791 flows | 109ms (25,679 fl/s) temp=73ms
ids-consumer  | 2026-04-24T12:12:30.731102225Z 2026-04-24 15:12:30,730 INFO Batch #633: 3,560 flows | 139ms (25,621 fl/s) temp=94ms
ids-consumer  | 2026-04-24T12:12:31.447111280Z 2026-04-24 15:12:31,446 INFO Batch #634: 3,906 flows | 154ms (25,358 fl/s) temp=110ms
ids-consumer  | 2026-04-24T12:12:32.335582757Z 2026-04-24 15:12:32,335 INFO Batch #635: 3,646 flows | 135ms (27,067 fl/s) temp=95ms
ids-consumer  | 2026-04-24T12:12:33.503325988Z 2026-04-24 15:12:33,503 INFO Batch #636: 3,908 flows | 144ms (27,102 fl/s) temp=103ms
ids-consumer  | 2026-04-24T12:12:34.687052314Z 2026-04-24 15:12:34,686 INFO Batch #637: 2,842 flows | 106ms (26,710 fl/s) temp=74ms
ids-consumer  | 2026-04-24T12:12:34.687072811Z 2026-04-24 15:12:34,686 INFO ── STATS ──────────────────────────────────────────
ids-consumer  | 2026-04-24T12:12:34.687075085Z 2026-04-24 15:12:34,686 INFO   Layers:     XGBoost (temporal) + Rules
ids-consumer  | 2026-04-24T12:12:34.687076210Z 2026-04-24 15:12:34,686 INFO   Throughput: 1,312 flows/sec
ids-consumer  | 2026-04-24T12:12:34.687077212Z 2026-04-24 15:12:34,686 INFO   Total:      165,293 flows in 126s
ids-consumer  | 2026-04-24T12:12:34.687078562Z [91m  * DoS-Hulk                      162,046[0m
ids-consumer  | 2026-04-24T12:12:34.687080386Z [92m    BENIGN                          2,084[0m
ids-consumer  | 2026-04-24T12:12:34.687094698Z [91m  * DDOS-HOIC                       1,163[0m
ids-consumer  | 2026-04-24T12:12:34.687099721Z 2026-04-24 15:12:34,687 INFO   Active attacks: 1
ids-consumer  | 2026-04-24T12:12:34.687101029Z 2026-04-24 15:12:34,687 INFO ───────────────────────────────────────────────────
ids-consumer  | 2026-04-24T12:12:35.644704641Z 2026-04-24 15:12:35,644 INFO Batch #638: 1,542 flows | 59ms (26,032 fl/s) temp=40ms
ids-consumer  | 2026-04-24T12:12:36.342606718Z 2026-04-24 15:12:36,342 INFO Batch #639: 2,582 flows | 96ms (26,974 fl/s) temp=69ms
ids-consumer  | 2026-04-24T12:12:37.716846266Z 2026-04-24 15:12:37,716 INFO Batch #640: 1,913 flows | 72ms (26,695 fl/s) temp=49ms
ids-consumer  | 2026-04-24T12:12:38.586810395Z 2026-04-24 15:12:38,586 INFO Batch #641: 1,245 flows | 49ms (25,162 fl/s) temp=32ms
ids-consumer  | 2026-04-24T12:12:39.341394800Z 2026-04-24 15:12:39,341 INFO Batch #642: 3,215 flows | 115ms (27,940 fl/s) temp=85ms
ids-consumer  | 2026-04-24T12:12:40.628033556Z 2026-04-24 15:12:40,627 INFO Batch #643: 41 flows | 9ms (4,483 fl/s) temp=2ms
ids-consumer  | 2026-04-24T12:12:41.629670402Z 2026-04-24 15:12:41,629 INFO Batch #644: 3 flows | 7ms (428 fl/s) temp=0ms
ids-consumer  | 2026-04-24T12:13:11.594667580Z 2026-04-24 15:13:11,594 INFO Batch #645: 1 flows | 6ms (161 fl/s) temp=0ms
ids-consumer  | 2026-04-24T12:13:11.594687454Z 2026-04-24 15:13:11,594 INFO ── STATS ──────────────────────────────────────────
ids-consumer  | 2026-04-24T12:13:11.594690218Z 2026-04-24 15:13:11,594 INFO   Layers:     XGBoost (temporal) + Rules
ids-consumer  | 2026-04-24T12:13:11.594691795Z 2026-04-24 15:13:11,594 INFO   Throughput: 1,080 flows/sec
ids-consumer  | 2026-04-24T12:13:11.594694670Z 2026-04-24 15:13:11,594 INFO   Total:      175,835 flows in 163s
ids-consumer  | 2026-04-24T12:13:11.594696160Z [91m  * DoS-Hulk                      172,587[0m
ids-consumer  | 2026-04-24T12:13:11.594697723Z [92m    BENIGN                          2,085[0m
ids-consumer  | 2026-04-24T12:13:11.594699201Z [91m  * DDOS-HOIC                       1,163[0m
ids-consumer  | 2026-04-24T12:13:11.594700604Z 2026-04-24 15:13:11,594 INFO   Active attacks: 1
ids-consumer  | 2026-04-24T12:13:11.594702015Z 2026-04-24 15:13:11,594 INFO ───────────────────────────────────────────────────
ids-consumer  | 2026-04-24T12:13:27.584998729Z [38;5;208m2026-04-24 15:13:27 [END] [ML] DoS-Hulk               src=10.0.1.10        duration=67s flows=172,587 conf=avg:1.00/max:1.00[0m
ids-consumer  | 2026-04-24T12:13:27.585020824Z [96m2026-04-24 15:13:27 [SPAN] src=10.0.1.10        wall_clock=114s total_flows=173,750 labels=[DDOS-HOIC, DoS-Hulk][0m
ids-consumer  | 2026-04-24T12:13:27.585023149Z 2026-04-24 15:13:27,584 INFO Batch #646: 1 flows | 6ms (169 fl/s) temp=0ms
ids-consumer  | 2026-04-24T12:13:27.585027094Z 2026-04-24 15:13:27,584 INFO ── STATS ──────────────────────────────────────────
ids-consumer  | 2026-04-24T12:13:27.585029139Z 2026-04-24 15:13:27,584 INFO   Layers:     XGBoost (temporal) + Rules
ids-consumer  | 2026-04-24T12:13:27.585040038Z 2026-04-24 15:13:27,584 INFO   Throughput: 983 flows/sec
ids-consumer  | 2026-04-24T12:13:27.585041415Z 2026-04-24 15:13:27,584 INFO   Total:      175,836 flows in 179s
ids-consumer  | 2026-04-24T12:13:27.585042407Z [91m  * DoS-Hulk                      172,587[0m
ids-consumer  | 2026-04-24T12:13:27.585043468Z [92m    BENIGN                          2,086[0m
ids-consumer  | 2026-04-24T12:13:27.585044467Z [91m  * DDOS-HOIC                       1,163[0m
ids-consumer  | 2026-04-24T12:13:27.585104541Z 2026-04-24 15:13:27,585 INFO ───────────────────────────────────────────────────
ids-consumer  | 2026-04-24T12:13:36.696213410Z WARNING: Using incubator modules: jdk.incubator.vector
ids-consumer  | 2026-04-24T12:13:37.204278703Z Using Spark's default log4j profile: org/apache/spark/log4j2-defaults.properties
ids-consumer  | 2026-04-24T12:13:37.221748627Z 26/04/24 15:13:37 WARN Utils: Your hostname, usrv01, resolves to a loopback address: 127.0.1.1; using 192.168.88.200 instead (on interface eno1)
ids-consumer  | 2026-04-24T12:13:37.223668865Z 26/04/24 15:13:37 WARN Utils: Set SPARK_LOCAL_IP if you need to bind to another address
ids-consumer  | 2026-04-24T12:13:38.258926841Z /usr/local/lib/python3.10/dist-packages/sklearn/base.py:442: InconsistentVersionWarning: Trying to unpickle estimator LabelEncoder from version 1.8.0 when using version 1.7.2. This might lead to breaking code or invalid results. Use at your own risk. For more info please refer to:
ids-consumer  | 2026-04-24T12:13:38.258951513Z https://scikit-learn.org/stable/model_persistence.html#security-maintainability-limitations
ids-consumer  | 2026-04-24T12:13:38.258953566Z   warnings.warn(
ids-consumer  | 2026-04-24T12:13:38.258955871Z 2026-04-24 15:13:38,258 INFO XGBoost loaded | classes=['BENIGN', 'Bot', 'DDOS-HOIC', 'DoS-GoldenEye', 'DoS-Hulk', 'DoS-SlowHTTPTest', 'DoS-Slowloris', 'FTP-BruteForce', 'SSH-Bruteforce'] | features=17
ids-consumer  | 2026-04-24T12:13:50.469740967Z 2026-04-24 15:13:50,469 INFO Temporal features enabled (window=60.0s, 17 features)
ids-consumer  | 2026-04-24T12:13:50.470593781Z 2026-04-24 15:13:50,470 INFO Rule engine enabled
ids-consumer  | 2026-04-24T12:13:50.824991495Z Using Spark's default log4j profile: org/apache/spark/log4j2-defaults.properties
ids-consumer  | 2026-04-24T12:13:50.827316417Z 26/04/24 15:13:50 INFO SparkContext: Running Spark version 4.1.1
ids-consumer  | 2026-04-24T12:13:50.827628272Z 26/04/24 15:13:50 INFO SparkContext: OS info Linux, 6.17.0-22-generic, amd64
ids-consumer  | 2026-04-24T12:13:50.827820136Z 26/04/24 15:13:50 INFO SparkContext: Java version 21.0.10+7-LTS
ids-consumer  | 2026-04-24T12:13:50.874569107Z 26/04/24 15:13:50 WARN NativeCodeLoader: Unable to load native-hadoop library for your platform... using builtin-java classes where applicable
ids-consumer  | 2026-04-24T12:13:50.902332236Z 26/04/24 15:13:50 INFO ResourceUtils: ==============================================================
ids-consumer  | 2026-04-24T12:13:50.902494836Z 26/04/24 15:13:50 INFO ResourceUtils: No custom resources configured for spark.driver.
ids-consumer  | 2026-04-24T12:13:50.902713415Z 26/04/24 15:13:50 INFO ResourceUtils: ==============================================================
ids-consumer  | 2026-04-24T12:13:50.902946386Z 26/04/24 15:13:50 INFO SparkContext: Submitted application: zeek-ids
ids-consumer  | 2026-04-24T12:13:50.930200165Z 26/04/24 15:13:50 INFO SecurityManager: Changing view acls to: spark
ids-consumer  | 2026-04-24T12:13:50.930369874Z 26/04/24 15:13:50 INFO SecurityManager: Changing modify acls to: spark
ids-consumer  | 2026-04-24T12:13:50.930584642Z 26/04/24 15:13:50 INFO SecurityManager: Changing view acls groups to: spark
ids-consumer  | 2026-04-24T12:13:50.930815409Z 26/04/24 15:13:50 INFO SecurityManager: Changing modify acls groups to: spark
ids-consumer  | 2026-04-24T12:13:50.931134049Z 26/04/24 15:13:50 INFO SecurityManager: SecurityManager: authentication disabled; ui acls disabled; users with view permissions: spark groups with view permissions: EMPTY; users with modify permissions: spark; groups with modify permissions: EMPTY; RPC SSL disabled
ids-consumer  | 2026-04-24T12:13:51.068129436Z 26/04/24 15:13:51 INFO Utils: Successfully started service 'sparkDriver' on port 46041.
ids-consumer  | 2026-04-24T12:13:51.082880745Z 26/04/24 15:13:51 INFO SparkEnv: Registering MapOutputTracker
ids-consumer  | 2026-04-24T12:13:51.090299082Z 26/04/24 15:13:51 INFO SparkEnv: Registering BlockManagerMaster
ids-consumer  | 2026-04-24T12:13:51.100686885Z 26/04/24 15:13:51 INFO BlockManagerMasterEndpoint: Using org.apache.spark.storage.DefaultTopologyMapper for getting topology information
ids-consumer  | 2026-04-24T12:13:51.101044849Z 26/04/24 15:13:51 INFO BlockManagerMasterEndpoint: BlockManagerMasterEndpoint up
ids-consumer  | 2026-04-24T12:13:51.102830321Z 26/04/24 15:13:51 INFO SparkEnv: Registering BlockManagerMasterHeartbeat
ids-consumer  | 2026-04-24T12:13:51.114974970Z 26/04/24 15:13:51 INFO DiskBlockManager: Created local directory at /tmp/blockmgr-b7bd36dc-2df0-4260-906f-aeaf4da13627
ids-consumer  | 2026-04-24T12:13:51.126502160Z 26/04/24 15:13:51 INFO SparkEnv: Registering OutputCommitCoordinator
ids-consumer  | 2026-04-24T12:13:51.192783094Z 26/04/24 15:13:51 INFO JettyUtils: Start Jetty 0.0.0.0:4040 for SparkUI
ids-consumer  | 2026-04-24T12:13:51.238950761Z 26/04/24 15:13:51 INFO Utils: Successfully started service 'SparkUI' on port 4040.
ids-consumer  | 2026-04-24T12:13:51.270253998Z 26/04/24 15:13:51 INFO ResourceProfile: Default ResourceProfile created, executor resources: Map(cores -> name: cores, amount: 1, script: , vendor: , memory -> name: memory, amount: 1024, script: , vendor: , offHeap -> name: offHeap, amount: 0, script: , vendor: ), task resources: Map(cpus -> name: cpus, amount: 1.0)
ids-consumer  | 2026-04-24T12:13:51.271292328Z 26/04/24 15:13:51 INFO ResourceProfile: Limiting resource is cpu
ids-consumer  | 2026-04-24T12:13:51.271625291Z 26/04/24 15:13:51 INFO ResourceProfileManager: Added ResourceProfile id: 0
ids-consumer  | 2026-04-24T12:13:51.277744092Z 26/04/24 15:13:51 INFO SecurityManager: Changing view acls to: spark
ids-consumer  | 2026-04-24T12:13:51.277860042Z 26/04/24 15:13:51 INFO SecurityManager: Changing modify acls to: spark
ids-consumer  | 2026-04-24T12:13:51.277924621Z 26/04/24 15:13:51 INFO SecurityManager: Changing view acls groups to: spark
ids-consumer  | 2026-04-24T12:13:51.277962232Z 26/04/24 15:13:51 INFO SecurityManager: Changing modify acls groups to: spark
ids-consumer  | 2026-04-24T12:13:51.278107612Z 26/04/24 15:13:51 INFO SecurityManager: SecurityManager: authentication disabled; ui acls disabled; users with view permissions: spark groups with view permissions: EMPTY; users with modify permissions: spark; groups with modify permissions: EMPTY; RPC SSL disabled
ids-consumer  | 2026-04-24T12:13:51.358372218Z 26/04/24 15:13:51 INFO Executor: Starting executor ID driver on host 192.168.88.200
ids-consumer  | 2026-04-24T12:13:51.358532312Z 26/04/24 15:13:51 INFO Executor: OS info Linux, 6.17.0-22-generic, amd64
ids-consumer  | 2026-04-24T12:13:51.358756987Z 26/04/24 15:13:51 INFO Executor: Java version 21.0.10+7-LTS
ids-consumer  | 2026-04-24T12:13:51.362287871Z 26/04/24 15:13:51 INFO Executor: Starting executor with user classpath (userClassPathFirst = false): ''
ids-consumer  | 2026-04-24T12:13:51.362654497Z 26/04/24 15:13:51 INFO Executor: Created or updated repl class loader org.apache.spark.util.MutableURLClassLoader@64af7d74 for default.
ids-consumer  | 2026-04-24T12:13:51.374532994Z 26/04/24 15:13:51 INFO Utils: Successfully started service 'org.apache.spark.network.netty.NettyBlockTransferService' on port 33189.
ids-consumer  | 2026-04-24T12:13:51.380765465Z 26/04/24 15:13:51 INFO NettyBlockTransferService: Server created on 192.168.88.200:33189
ids-consumer  | 2026-04-24T12:13:51.382176051Z 26/04/24 15:13:51 INFO BlockManager: Using org.apache.spark.storage.RandomBlockReplicationPolicy for block replication policy
ids-consumer  | 2026-04-24T12:13:51.394630007Z 26/04/24 15:13:51 INFO BlockManagerMaster: Registering BlockManager BlockManagerId(driver, 192.168.88.200, 33189, None)
ids-consumer  | 2026-04-24T12:13:51.397424003Z 26/04/24 15:13:51 INFO BlockManagerMasterEndpoint: Registering block manager 192.168.88.200:33189 with 4.6 GiB RAM, BlockManagerId(driver, 192.168.88.200, 33189, None)
ids-consumer  | 2026-04-24T12:13:51.398869616Z 26/04/24 15:13:51 INFO BlockManagerMaster: Registered BlockManager BlockManagerId(driver, 192.168.88.200, 33189, None)
ids-consumer  | 2026-04-24T12:13:51.399448545Z 26/04/24 15:13:51 INFO BlockManager: Initialized BlockManager: BlockManagerId(driver, 192.168.88.200, 33189, None)
ids-consumer  | 2026-04-24T12:13:52.643282403Z 2026-04-24 15:13:52,643 INFO Spark 4.1.1 started
ids-consumer  | 2026-04-24T12:13:53.456920503Z 26/04/24 15:13:53 WARN ResolveWriteToStream: spark.sql.adaptive.enabled is not supported in streaming DataFrames/Datasets and will be disabled.
ids-consumer  | 2026-04-24T12:13:53.556011234Z 2026-04-24 15:13:53,555 INFO Listening for Zeek flows...
ids-consumer  | 2026-04-24T12:14:02.619556325Z 2026-04-24 15:14:02,619 INFO Batch #647: 371 flows | 36ms (10,434 fl/s) temp=13ms
ids-consumer  | 2026-04-24T12:14:02.619579602Z 2026-04-24 15:14:02,619 INFO ── STATS ──────────────────────────────────────────
ids-consumer  | 2026-04-24T12:14:02.619582034Z 2026-04-24 15:14:02,619 INFO   Layers:     XGBoost (temporal) + Rules
ids-consumer  | 2026-04-24T12:14:02.619583318Z 2026-04-24 15:14:02,619 INFO   Throughput: 31 flows/sec
ids-consumer  | 2026-04-24T12:14:02.619589020Z 2026-04-24 15:14:02,619 INFO   Total:      371 flows in 12s
ids-consumer  | 2026-04-24T12:14:02.619594586Z [92m    BENIGN                            371[0m
ids-consumer  | 2026-04-24T12:14:02.619607606Z 2026-04-24 15:14:02,619 INFO ───────────────────────────────────────────────────
ids-consumer  | 2026-04-24T12:14:02.655666073Z 26/04/24 15:14:02 WARN ProcessingTimeExecutor: Current batch is falling behind. The trigger interval is 1000 milliseconds, but spent 1654 milliseconds
ids-consumer  | 2026-04-24T12:14:04.166564697Z [91m2026-04-24 15:14:04 [NEW] [ML] DoS-GoldenEye          src=10.0.1.10        → 10.0.1.20:80 conf=0.52[0m
ids-consumer  | 2026-04-24T12:14:04.170577279Z 2026-04-24 15:14:04,170 INFO Batch #648: 1,000 flows | 62ms (16,014 fl/s) temp=28ms
ids-consumer  | 2026-04-24T12:14:05.634024472Z 2026-04-24 15:14:05,633 INFO Batch #649: 462 flows | 50ms (9,277 fl/s) temp=23ms
ids-consumer  | 2026-04-24T12:14:06.545203962Z 2026-04-24 15:14:06,544 INFO Batch #650: 1,173 flows | 56ms (21,023 fl/s) temp=33ms
ids-consumer  | 2026-04-24T12:14:07.413539152Z [91m2026-04-24 15:14:07 [NEW] [ML] DoS-Hulk               src=10.0.1.10        → 10.0.1.20:80 conf=0.99[0m
ids-consumer  | 2026-04-24T12:14:07.419323828Z 2026-04-24 15:14:07,419 INFO Batch #651: 2,150 flows | 88ms (24,356 fl/s) temp=60ms
ids-consumer  | 2026-04-24T12:14:08.638681195Z 2026-04-24 15:14:08,638 INFO Batch #652: 2,205 flows | 95ms (23,160 fl/s) temp=67ms
ids-consumer  | 2026-04-24T12:14:09.223421869Z 2026-04-24 15:14:09,223 INFO Batch #653: 3,000 flows | 114ms (26,239 fl/s) temp=80ms
ids-consumer  | 2026-04-24T12:14:10.660493524Z 2026-04-24 15:14:10,660 INFO Batch #654: 2,132 flows | 81ms (26,243 fl/s) temp=56ms
ids-consumer  | 2026-04-24T12:14:11.228445211Z 2026-04-24 15:14:11,228 INFO Batch #655: 3,000 flows | 119ms (25,128 fl/s) temp=83ms
ids-consumer  | 2026-04-24T12:14:12.625418895Z 2026-04-24 15:14:12,625 INFO Batch #656: 1,268 flows | 54ms (23,545 fl/s) temp=35ms
ids-consumer  | 2026-04-24T12:14:12.625433309Z 2026-04-24 15:14:12,625 INFO ── STATS ──────────────────────────────────────────
ids-consumer  | 2026-04-24T12:14:12.625435589Z 2026-04-24 15:14:12,625 INFO   Layers:     XGBoost (temporal) + Rules
ids-consumer  | 2026-04-24T12:14:12.625436742Z 2026-04-24 15:14:12,625 INFO   Throughput: 757 flows/sec
ids-consumer  | 2026-04-24T12:14:12.625437752Z 2026-04-24 15:14:12,625 INFO   Total:      16,761 flows in 22s
ids-consumer  | 2026-04-24T12:14:12.625439596Z [91m  * DoS-Hulk                       12,676[0m
ids-consumer  | 2026-04-24T12:14:12.625444292Z [91m  * DoS-GoldenEye                   2,238[0m
ids-consumer  | 2026-04-24T12:14:12.625448899Z [92m    BENIGN                          1,847[0m
ids-consumer  | 2026-04-24T12:14:12.625452901Z 2026-04-24 15:14:12,625 INFO   Active attacks: 2
ids-consumer  | 2026-04-24T12:14:12.625467793Z 2026-04-24 15:14:12,625 INFO ───────────────────────────────────────────────────
ids-consumer  | 2026-04-24T12:14:13.747284986Z 2026-04-24 15:14:13,747 INFO Batch #657: 3,638 flows | 153ms (23,737 fl/s) temp=99ms
ids-consumer  | 2026-04-24T12:14:14.637726409Z 2026-04-24 15:14:14,637 INFO Batch #658: 2,736 flows | 104ms (26,305 fl/s) temp=73ms
ids-consumer  | 2026-04-24T12:14:15.252005171Z 2026-04-24 15:14:15,251 INFO Batch #659: 812 flows | 35ms (23,303 fl/s) temp=21ms
ids-consumer  | 2026-04-24T12:14:16.594751237Z 2026-04-24 15:14:16,594 INFO Batch #660: 380 flows | 21ms (17,913 fl/s) temp=10ms
ids-consumer  | 2026-04-24T12:14:17.577414050Z 2026-04-24 15:14:17,577 INFO Batch #661: 217 flows | 16ms (13,982 fl/s) temp=6ms
ids-consumer  | 2026-04-24T12:14:18.567379495Z 2026-04-24 15:14:18,567 INFO Batch #662: 194 flows | 15ms (13,328 fl/s) temp=5ms
ids-consumer  | 2026-04-24T12:14:19.570070702Z 2026-04-24 15:14:19,569 INFO Batch #663: 16 flows | 7ms (2,169 fl/s) temp=0ms
ids-consumer  | 2026-04-24T12:14:22.220008159Z 2026-04-24 15:14:22,219 INFO Batch #664: 19 flows | 8ms (2,306 fl/s) temp=1ms
ids-consumer  | 2026-04-24T12:14:23.236206966Z 2026-04-24 15:14:23,236 INFO Batch #665: 280 flows | 17ms (16,522 fl/s) temp=7ms
ids-consumer  | 2026-04-24T12:14:23.236227400Z 2026-04-24 15:14:23,236 INFO ── STATS ──────────────────────────────────────────
ids-consumer  | 2026-04-24T12:14:23.236229695Z 2026-04-24 15:14:23,236 INFO   Layers:     XGBoost (temporal) + Rules
ids-consumer  | 2026-04-24T12:14:23.236232360Z 2026-04-24 15:14:23,236 INFO   Throughput: 765 flows/sec
ids-consumer  | 2026-04-24T12:14:23.236233484Z 2026-04-24 15:14:23,236 INFO   Total:      25,053 flows in 33s
ids-consumer  | 2026-04-24T12:14:23.236235020Z [91m  * DoS-Hulk                       18,695[0m
ids-consumer  | 2026-04-24T12:14:23.236236331Z [91m  * DoS-GoldenEye                   4,510[0m
ids-consumer  | 2026-04-24T12:14:23.236237386Z [92m    BENIGN                          1,848[0m
ids-consumer  | 2026-04-24T12:14:23.236238373Z 2026-04-24 15:14:23,236 INFO   Active attacks: 2
ids-consumer  | 2026-04-24T12:14:23.236239397Z 2026-04-24 15:14:23,236 INFO ───────────────────────────────────────────────────
ids-consumer  | 2026-04-24T12:14:24.565585968Z 2026-04-24 15:14:24,565 INFO Batch #666: 228 flows | 15ms (14,819 fl/s) temp=6ms
ids-consumer  | 2026-04-24T12:14:25.564469521Z 2026-04-24 15:14:25,564 INFO Batch #667: 154 flows | 13ms (12,189 fl/s) temp=4ms
ids-consumer  | 2026-04-24T12:14:26.263262163Z 2026-04-24 15:14:26,263 INFO Batch #668: 64 flows | 10ms (6,438 fl/s) temp=2ms
ids-consumer  | 2026-04-24T12:14:27.565645727Z 2026-04-24 15:14:27,565 INFO Batch #669: 255 flows | 16ms (15,971 fl/s) temp=7ms
ids-consumer  | 2026-04-24T12:15:18.562422630Z [38;5;208m2026-04-24 15:15:18 [END] [ML] DoS-GoldenEye          src=10.0.1.10        duration=23s flows=4,534 conf=avg:0.88/max:1.00[0m
ids-consumer  | 2026-04-24T12:15:18.562443678Z [38;5;208m2026-04-24 15:15:18 [END] [ML] DoS-Hulk               src=10.0.1.10        duration=20s flows=19,372 conf=avg:0.96/max:1.00[0m
ids-consumer  | 2026-04-24T12:15:18.562446076Z [96m2026-04-24 15:15:18 [SPAN] src=10.0.1.10        wall_clock=74s total_flows=23,906 labels=[DoS-GoldenEye, DoS-Hulk][0m
ids-consumer  | 2026-04-24T12:15:18.562476329Z 2026-04-24 15:15:18,562 INFO Batch #670: 1 flows | 6ms (173 fl/s) temp=0ms
ids-consumer  | 2026-04-24T12:15:18.562484367Z 2026-04-24 15:15:18,562 INFO ── STATS ──────────────────────────────────────────
ids-consumer  | 2026-04-24T12:15:18.562486850Z 2026-04-24 15:15:18,562 INFO   Layers:     XGBoost (temporal) + Rules
ids-consumer  | 2026-04-24T12:15:18.562532255Z 2026-04-24 15:15:18,562 INFO   Throughput: 292 flows/sec
ids-consumer  | 2026-04-24T12:15:18.562539251Z 2026-04-24 15:15:18,562 INFO   Total:      25,755 flows in 88s
ids-consumer  | 2026-04-24T12:15:18.562541995Z [91m  * DoS-Hulk                       19,372[0m
ids-consumer  | 2026-04-24T12:15:18.562544682Z [91m  * DoS-GoldenEye                   4,534[0m
ids-consumer  | 2026-04-24T12:15:18.562547203Z [92m    BENIGN                          1,849[0m
ids-consumer  | 2026-04-24T12:15:18.562556166Z 2026-04-24 15:15:18,562 INFO ───────────────────────────────────────────────────
ids-consumer  | 2026-04-24T12:15:42.394930142Z [91m2026-04-24 15:15:42 [NEW] [ML] DoS-GoldenEye          src=10.0.1.10        → 10.0.1.20:80 conf=1.00[0m
ids-consumer  | 2026-04-24T12:15:42.394946671Z [91m2026-04-24 15:15:42 [NEW] [Rule] Slowloris              src=10.0.1.10        → 10.0.1.20:80 conf=0.95[0m
ids-consumer  | 2026-04-24T12:15:42.413200141Z [91m2026-04-24 15:15:42 [NEW] [ML] DoS-Hulk               src=10.0.1.10        → 10.0.1.20:80 conf=0.70[0m
ids-consumer  | 2026-04-24T12:15:42.433801642Z 2026-04-24 15:15:42,433 INFO Batch #671: 8,000 flows | 291ms (27,537 fl/s) temp=212ms rules=57
ids-consumer  | 2026-04-24T12:15:42.433819719Z 2026-04-24 15:15:42,433 INFO ── STATS ──────────────────────────────────────────
ids-consumer  | 2026-04-24T12:15:42.433821848Z 2026-04-24 15:15:42,433 INFO   Layers:     XGBoost (temporal) + Rules
ids-consumer  | 2026-04-24T12:15:42.433822979Z 2026-04-24 15:15:42,433 INFO   Throughput: 301 flows/sec
ids-consumer  | 2026-04-24T12:15:42.433847034Z 2026-04-24 15:15:42,433 INFO   Total:      33,755 flows in 112s
ids-consumer  | 2026-04-24T12:15:42.433852499Z [91m  * DoS-Hulk                       19,391[0m
ids-consumer  | 2026-04-24T12:15:42.433854194Z [91m  * DoS-GoldenEye                  12,440[0m
ids-consumer  | 2026-04-24T12:15:42.433855380Z [92m    BENIGN                          1,867[0m
ids-consumer  | 2026-04-24T12:15:42.433856441Z [91m  * Slowloris                          57[0m
ids-consumer  | 2026-04-24T12:15:42.433857505Z 2026-04-24 15:15:42,433 INFO   Active attacks: 3
ids-consumer  | 2026-04-24T12:15:42.433858544Z 2026-04-24 15:15:42,433 INFO ───────────────────────────────────────────────────
ids-consumer  | 2026-04-24T12:15:43.579973193Z 2026-04-24 15:15:43,579 INFO Batch #672: 9,998 flows | 377ms (26,518 fl/s) temp=267ms
ids-consumer  | 2026-04-24T12:15:45.070600408Z 2026-04-24 15:15:45,070 INFO Batch #673: 9,819 flows | 332ms (29,571 fl/s) temp=252ms
ids-consumer  | 2026-04-24T12:15:45.090237987Z 26/04/24 15:15:45 WARN ProcessingTimeExecutor: Current batch is falling behind. The trigger interval is 1000 milliseconds, but spent 1089 milliseconds
ids-consumer  | 2026-04-24T12:16:22.618173619Z [38;5;208m2026-04-24 15:16:22 [END] [ML] DoS-GoldenEye          src=10.0.1.10        duration=3s flows=27,676 conf=avg:0.94/max:1.00[0m
ids-consumer  | 2026-04-24T12:16:22.618194391Z [38;5;208m2026-04-24 15:16:22 [END] [Rule] Slowloris              src=10.0.1.10        duration=0s flows=57 conf=avg:0.95/max:0.95[0m
ids-consumer  | 2026-04-24T12:16:22.618197055Z [38;5;208m2026-04-24 15:16:22 [END] [ML] DoS-Hulk               src=10.0.1.10        duration=3s flows=66 conf=avg:0.66/max:0.96[0m
ids-consumer  | 2026-04-24T12:16:22.618198880Z [96m2026-04-24 15:16:22 [SPAN] src=10.0.1.10        wall_clock=40s total_flows=27,799 labels=[DoS-GoldenEye, DoS-Hulk, Slowloris][0m
ids-consumer  | 2026-04-24T12:16:22.618360175Z 2026-04-24 15:16:22,618 INFO Batch #674: 1 flows | 6ms (170 fl/s) temp=0ms
ids-consumer  | 2026-04-24T12:16:22.618375667Z 2026-04-24 15:16:22,618 INFO ── STATS ──────────────────────────────────────────
ids-consumer  | 2026-04-24T12:16:22.618378039Z 2026-04-24 15:16:22,618 INFO   Layers:     XGBoost (temporal) + Rules
ids-consumer  | 2026-04-24T12:16:22.618430537Z 2026-04-24 15:16:22,618 INFO   Throughput: 352 flows/sec
ids-consumer  | 2026-04-24T12:16:22.618437012Z 2026-04-24 15:16:22,618 INFO   Total:      53,573 flows in 152s
ids-consumer  | 2026-04-24T12:16:22.618439468Z [91m  * DoS-GoldenEye                  32,210[0m
ids-consumer  | 2026-04-24T12:16:22.618444810Z [91m  * DoS-Hulk                       19,438[0m
ids-consumer  | 2026-04-24T12:16:22.618447141Z [92m    BENIGN                          1,868[0m
ids-consumer  | 2026-04-24T12:16:22.618448954Z [91m  * Slowloris                          57[0m
ids-consumer  | 2026-04-24T12:16:22.618452576Z 2026-04-24 15:16:22,618 INFO ───────────────────────────────────────────────────
ids-consumer  | 2026-04-24T12:16:28.108895192Z WARNING: Using incubator modules: jdk.incubator.vector
ids-consumer  | 2026-04-24T12:16:28.624177094Z Using Spark's default log4j profile: org/apache/spark/log4j2-defaults.properties
ids-consumer  | 2026-04-24T12:16:28.641582294Z 26/04/24 15:16:28 WARN Utils: Your hostname, usrv01, resolves to a loopback address: 127.0.1.1; using 192.168.88.200 instead (on interface eno1)
ids-consumer  | 2026-04-24T12:16:28.643478582Z 26/04/24 15:16:28 WARN Utils: Set SPARK_LOCAL_IP if you need to bind to another address
ids-consumer  | 2026-04-24T12:16:29.654964621Z /usr/local/lib/python3.10/dist-packages/sklearn/base.py:442: InconsistentVersionWarning: Trying to unpickle estimator LabelEncoder from version 1.8.0 when using version 1.7.2. This might lead to breaking code or invalid results. Use at your own risk. For more info please refer to:
ids-consumer  | 2026-04-24T12:16:29.654983817Z https://scikit-learn.org/stable/model_persistence.html#security-maintainability-limitations
ids-consumer  | 2026-04-24T12:16:29.654985611Z   warnings.warn(
ids-consumer  | 2026-04-24T12:16:29.654986836Z 2026-04-24 15:16:29,654 INFO XGBoost loaded | classes=['BENIGN', 'Bot', 'DDOS-HOIC', 'DoS-GoldenEye', 'DoS-Hulk', 'DoS-SlowHTTPTest', 'DoS-Slowloris', 'FTP-BruteForce', 'SSH-Bruteforce'] | features=17
ids-consumer  | 2026-04-24T12:16:41.612946431Z 2026-04-24 15:16:41,612 INFO Temporal features enabled (window=60.0s, 17 features)
ids-consumer  | 2026-04-24T12:16:41.613718021Z 2026-04-24 15:16:41,613 INFO Rule engine enabled
ids-consumer  | 2026-04-24T12:16:41.961967329Z Using Spark's default log4j profile: org/apache/spark/log4j2-defaults.properties
ids-consumer  | 2026-04-24T12:16:41.964268708Z 26/04/24 15:16:41 INFO SparkContext: Running Spark version 4.1.1
ids-consumer  | 2026-04-24T12:16:41.964510448Z 26/04/24 15:16:41 INFO SparkContext: OS info Linux, 6.17.0-22-generic, amd64
ids-consumer  | 2026-04-24T12:16:41.964717447Z 26/04/24 15:16:41 INFO SparkContext: Java version 21.0.10+7-LTS
ids-consumer  | 2026-04-24T12:16:42.010165007Z 26/04/24 15:16:42 WARN NativeCodeLoader: Unable to load native-hadoop library for your platform... using builtin-java classes where applicable
ids-consumer  | 2026-04-24T12:16:42.038089267Z 26/04/24 15:16:42 INFO ResourceUtils: ==============================================================
ids-consumer  | 2026-04-24T12:16:42.038251675Z 26/04/24 15:16:42 INFO ResourceUtils: No custom resources configured for spark.driver.
ids-consumer  | 2026-04-24T12:16:42.038436395Z 26/04/24 15:16:42 INFO ResourceUtils: ==============================================================
ids-consumer  | 2026-04-24T12:16:42.038663619Z 26/04/24 15:16:42 INFO SparkContext: Submitted application: zeek-ids
ids-consumer  | 2026-04-24T12:16:42.065575072Z 26/04/24 15:16:42 INFO SecurityManager: Changing view acls to: spark
ids-consumer  | 2026-04-24T12:16:42.065739187Z 26/04/24 15:16:42 INFO SecurityManager: Changing modify acls to: spark
ids-consumer  | 2026-04-24T12:16:42.066009838Z 26/04/24 15:16:42 INFO SecurityManager: Changing view acls groups to: spark
ids-consumer  | 2026-04-24T12:16:42.066229429Z 26/04/24 15:16:42 INFO SecurityManager: Changing modify acls groups to: spark
ids-consumer  | 2026-04-24T12:16:42.066506023Z 26/04/24 15:16:42 INFO SecurityManager: SecurityManager: authentication disabled; ui acls disabled; users with view permissions: spark groups with view permissions: EMPTY; users with modify permissions: spark; groups with modify permissions: EMPTY; RPC SSL disabled
ids-consumer  | 2026-04-24T12:16:42.201412702Z 26/04/24 15:16:42 INFO Utils: Successfully started service 'sparkDriver' on port 41323.
ids-consumer  | 2026-04-24T12:16:42.216513827Z 26/04/24 15:16:42 INFO SparkEnv: Registering MapOutputTracker
ids-consumer  | 2026-04-24T12:16:42.224080558Z 26/04/24 15:16:42 INFO SparkEnv: Registering BlockManagerMaster
ids-consumer  | 2026-04-24T12:16:42.234516023Z 26/04/24 15:16:42 INFO BlockManagerMasterEndpoint: Using org.apache.spark.storage.DefaultTopologyMapper for getting topology information
ids-consumer  | 2026-04-24T12:16:42.234944076Z 26/04/24 15:16:42 INFO BlockManagerMasterEndpoint: BlockManagerMasterEndpoint up
ids-consumer  | 2026-04-24T12:16:42.236583028Z 26/04/24 15:16:42 INFO SparkEnv: Registering BlockManagerMasterHeartbeat
ids-consumer  | 2026-04-24T12:16:42.249111309Z 26/04/24 15:16:42 INFO DiskBlockManager: Created local directory at /tmp/blockmgr-0fb700f0-2464-4c77-af5e-1a760d778ac6
ids-consumer  | 2026-04-24T12:16:42.260094418Z 26/04/24 15:16:42 INFO SparkEnv: Registering OutputCommitCoordinator
ids-consumer  | 2026-04-24T12:16:42.320412555Z 26/04/24 15:16:42 INFO JettyUtils: Start Jetty 0.0.0.0:4040 for SparkUI
ids-consumer  | 2026-04-24T12:16:42.365121178Z 26/04/24 15:16:42 INFO Utils: Successfully started service 'SparkUI' on port 4040.
ids-consumer  | 2026-04-24T12:16:42.396383983Z 26/04/24 15:16:42 INFO ResourceProfile: Default ResourceProfile created, executor resources: Map(cores -> name: cores, amount: 1, script: , vendor: , memory -> name: memory, amount: 1024, script: , vendor: , offHeap -> name: offHeap, amount: 0, script: , vendor: ), task resources: Map(cpus -> name: cpus, amount: 1.0)
ids-consumer  | 2026-04-24T12:16:42.397319879Z 26/04/24 15:16:42 INFO ResourceProfile: Limiting resource is cpu
ids-consumer  | 2026-04-24T12:16:42.397603720Z 26/04/24 15:16:42 INFO ResourceProfileManager: Added ResourceProfile id: 0
ids-consumer  | 2026-04-24T12:16:42.403580809Z 26/04/24 15:16:42 INFO SecurityManager: Changing view acls to: spark
ids-consumer  | 2026-04-24T12:16:42.403650568Z 26/04/24 15:16:42 INFO SecurityManager: Changing modify acls to: spark
ids-consumer  | 2026-04-24T12:16:42.403716086Z 26/04/24 15:16:42 INFO SecurityManager: Changing view acls groups to: spark
ids-consumer  | 2026-04-24T12:16:42.403861796Z 26/04/24 15:16:42 INFO SecurityManager: Changing modify acls groups to: spark
ids-consumer  | 2026-04-24T12:16:42.403932284Z 26/04/24 15:16:42 INFO SecurityManager: SecurityManager: authentication disabled; ui acls disabled; users with view permissions: spark groups with view permissions: EMPTY; users with modify permissions: spark; groups with modify permissions: EMPTY; RPC SSL disabled
ids-consumer  | 2026-04-24T12:16:42.482812657Z 26/04/24 15:16:42 INFO Executor: Starting executor ID driver on host 192.168.88.200
ids-consumer  | 2026-04-24T12:16:42.483002700Z 26/04/24 15:16:42 INFO Executor: OS info Linux, 6.17.0-22-generic, amd64
ids-consumer  | 2026-04-24T12:16:42.483185968Z 26/04/24 15:16:42 INFO Executor: Java version 21.0.10+7-LTS
ids-consumer  | 2026-04-24T12:16:42.486540268Z 26/04/24 15:16:42 INFO Executor: Starting executor with user classpath (userClassPathFirst = false): ''
ids-consumer  | 2026-04-24T12:16:42.486896969Z 26/04/24 15:16:42 INFO Executor: Created or updated repl class loader org.apache.spark.util.MutableURLClassLoader@64af7d74 for default.
ids-consumer  | 2026-04-24T12:16:42.496855733Z 26/04/24 15:16:42 INFO Utils: Successfully started service 'org.apache.spark.network.netty.NettyBlockTransferService' on port 35993.
ids-consumer  | 2026-04-24T12:16:42.501502685Z 26/04/24 15:16:42 INFO NettyBlockTransferService: Server created on 192.168.88.200:35993
ids-consumer  | 2026-04-24T12:16:42.502543440Z 26/04/24 15:16:42 INFO BlockManager: Using org.apache.spark.storage.RandomBlockReplicationPolicy for block replication policy
ids-consumer  | 2026-04-24T12:16:42.511432392Z 26/04/24 15:16:42 INFO BlockManagerMaster: Registering BlockManager BlockManagerId(driver, 192.168.88.200, 35993, None)
ids-consumer  | 2026-04-24T12:16:42.514103795Z 26/04/24 15:16:42 INFO BlockManagerMasterEndpoint: Registering block manager 192.168.88.200:35993 with 4.6 GiB RAM, BlockManagerId(driver, 192.168.88.200, 35993, None)
ids-consumer  | 2026-04-24T12:16:42.515639713Z 26/04/24 15:16:42 INFO BlockManagerMaster: Registered BlockManager BlockManagerId(driver, 192.168.88.200, 35993, None)
ids-consumer  | 2026-04-24T12:16:42.516356805Z 26/04/24 15:16:42 INFO BlockManager: Initialized BlockManager: BlockManagerId(driver, 192.168.88.200, 35993, None)
ids-consumer  | 2026-04-24T12:16:43.706862681Z 2026-04-24 15:16:43,706 INFO Spark 4.1.1 started
ids-consumer  | 2026-04-24T12:16:44.466801554Z 26/04/24 15:16:44 WARN ResolveWriteToStream: spark.sql.adaptive.enabled is not supported in streaming DataFrames/Datasets and will be disabled.
ids-consumer  | 2026-04-24T12:16:44.561823408Z 2026-04-24 15:16:44,561 INFO Listening for Zeek flows...
ids-consumer  | 2026-04-24T12:17:17.496335857Z 2026-04-24 15:17:17,496 INFO Batch #675: 1 flows | 8ms (128 fl/s) temp=0ms
ids-consumer  | 2026-04-24T12:17:17.496359212Z 2026-04-24 15:17:17,496 INFO ── STATS ──────────────────────────────────────────
ids-consumer  | 2026-04-24T12:17:17.496363485Z 2026-04-24 15:17:17,496 INFO   Layers:     XGBoost (temporal) + Rules
ids-consumer  | 2026-04-24T12:17:17.496381367Z 2026-04-24 15:17:17,496 INFO   Throughput: 0 flows/sec
ids-consumer  | 2026-04-24T12:17:17.496407239Z 2026-04-24 15:17:17,496 INFO   Total:      1 flows in 36s
ids-consumer  | 2026-04-24T12:17:17.496428504Z [92m    BENIGN                              1[0m
ids-consumer  | 2026-04-24T12:17:17.496457825Z 2026-04-24 15:17:17,496 INFO ───────────────────────────────────────────────────
ids-consumer  | 2026-04-24T12:17:17.524923213Z 26/04/24 15:17:17 WARN ProcessingTimeExecutor: Current batch is falling behind. The trigger interval is 1000 milliseconds, but spent 1523 milliseconds
ids-consumer  | 2026-04-24T12:17:25.626556197Z 2026-04-24 15:17:25,626 INFO Batch #676: 1 flows | 6ms (173 fl/s) temp=0ms
ids-consumer  | 2026-04-24T12:17:48.614050414Z 2026-04-24 15:17:48,613 INFO Batch #677: 1 flows | 6ms (168 fl/s) temp=0ms
ids-consumer  | 2026-04-24T12:17:48.614071394Z 2026-04-24 15:17:48,613 INFO ── STATS ──────────────────────────────────────────
ids-consumer  | 2026-04-24T12:17:48.614073677Z 2026-04-24 15:17:48,613 INFO   Layers:     XGBoost (temporal) + Rules
ids-consumer  | 2026-04-24T12:17:48.614074833Z 2026-04-24 15:17:48,613 INFO   Throughput: 0 flows/sec
ids-consumer  | 2026-04-24T12:17:48.614075834Z 2026-04-24 15:17:48,613 INFO   Total:      3 flows in 67s
ids-consumer  | 2026-04-24T12:17:48.614076851Z [92m    BENIGN                              3[0m
ids-consumer  | 2026-04-24T12:17:48.614078100Z 2026-04-24 15:17:48,613 INFO ───────────────────────────────────────────────────
ids-consumer  | 2026-04-24T12:18:21.735297676Z [91m2026-04-24 15:18:21 [NEW] [Rule] Slowloris              src=10.0.1.10        → 10.0.1.20:80 conf=0.95[0m
ids-consumer  | 2026-04-24T12:18:21.737550553Z 2026-04-24 15:18:21,737 INFO Batch #678: 479 flows | 36ms (13,295 fl/s) temp=13ms rules=475
ids-consumer  | 2026-04-24T12:18:21.737559452Z 2026-04-24 15:18:21,737 INFO ── STATS ──────────────────────────────────────────
ids-consumer  | 2026-04-24T12:18:21.737561901Z 2026-04-24 15:18:21,737 INFO   Layers:     XGBoost (temporal) + Rules
ids-consumer  | 2026-04-24T12:18:21.737565022Z 2026-04-24 15:18:21,737 INFO   Throughput: 5 flows/sec
ids-consumer  | 2026-04-24T12:18:21.737566472Z 2026-04-24 15:18:21,737 INFO   Total:      482 flows in 100s
ids-consumer  | 2026-04-24T12:18:21.737567862Z [91m  * Slowloris                         475[0m
ids-consumer  | 2026-04-24T12:18:21.737569478Z [92m    BENIGN                              7[0m
ids-consumer  | 2026-04-24T12:18:21.737672257Z 2026-04-24 15:18:21,737 INFO   Active attacks: 1
ids-consumer  | 2026-04-24T12:18:21.737680703Z 2026-04-24 15:18:21,737 INFO ───────────────────────────────────────────────────
ids-consumer  | 2026-04-24T12:18:22.602433619Z 2026-04-24 15:18:22,602 INFO Batch #679: 21 flows | 9ms (2,464 fl/s) temp=1ms rules=21
ids-consumer  | 2026-04-24T12:18:30.583048783Z 2026-04-24 15:18:30,582 INFO Batch #680: 1 flows | 6ms (173 fl/s) temp=0ms
ids-consumer  | 2026-04-24T12:18:31.665380802Z [91m2026-04-24 15:18:31 [NEW] [ML] DoS-GoldenEye          src=10.0.1.10        → 10.0.1.20:80 conf=0.79[0m
ids-consumer  | 2026-04-24T12:18:31.665400521Z 2026-04-24 15:18:31,665 INFO Batch #681: 3 flows | 7ms (423 fl/s) temp=0ms rules=2
ids-consumer  | 2026-04-24T12:18:38.118136517Z 2026-04-24 15:18:38,117 INFO Batch #682: 500 flows | 37ms (13,600 fl/s) temp=14ms
ids-consumer  | 2026-04-24T12:18:38.118165383Z 2026-04-24 15:18:38,117 INFO ── STATS ──────────────────────────────────────────
ids-consumer  | 2026-04-24T12:18:38.118167875Z 2026-04-24 15:18:38,117 INFO   Layers:     XGBoost (temporal) + Rules
ids-consumer  | 2026-04-24T12:18:38.118169031Z 2026-04-24 15:18:38,118 INFO   Throughput: 9 flows/sec
ids-consumer  | 2026-04-24T12:18:38.118170008Z 2026-04-24 15:18:38,118 INFO   Total:      1,007 flows in 117s
ids-consumer  | 2026-04-24T12:18:38.118171070Z [92m    BENIGN                            508[0m
ids-consumer  | 2026-04-24T12:18:38.118172251Z [91m  * Slowloris                         498[0m
ids-consumer  | 2026-04-24T12:18:38.118173257Z [91m  * DoS-GoldenEye                       1[0m
ids-consumer  | 2026-04-24T12:18:38.118174240Z 2026-04-24 15:18:38,118 INFO   Active attacks: 2
ids-consumer  | 2026-04-24T12:18:38.118175297Z 2026-04-24 15:18:38,118 INFO ───────────────────────────────────────────────────
ids-consumer  | 2026-04-24T12:19:34.591742924Z [38;5;208m2026-04-24 15:19:34 [END] [Rule] Slowloris              src=10.0.1.10        duration=10s flows=498 conf=avg:0.95/max:0.95[0m
ids-consumer  | 2026-04-24T12:19:34.591763712Z [38;5;208m2026-04-24 15:19:34 [END] [ML] DoS-GoldenEye          src=10.0.1.10        duration=0s flows=1 conf=avg:0.79/max:0.79[0m
ids-consumer  | 2026-04-24T12:19:34.591766102Z [96m2026-04-24 15:19:34 [SPAN] src=10.0.1.10        wall_clock=73s total_flows=499 labels=[DoS-GoldenEye, Slowloris][0m
ids-consumer  | 2026-04-24T12:19:34.591767777Z 2026-04-24 15:19:34,591 INFO Batch #683: 1 flows | 6ms (176 fl/s) temp=0ms
ids-consumer  | 2026-04-24T12:19:34.591831487Z 2026-04-24 15:19:34,591 INFO ── STATS ──────────────────────────────────────────
ids-consumer  | 2026-04-24T12:19:34.591844483Z 2026-04-24 15:19:34,591 INFO   Layers:     XGBoost (temporal) + Rules
ids-consumer  | 2026-04-24T12:19:34.591848107Z 2026-04-24 15:19:34,591 INFO   Throughput: 6 flows/sec
ids-consumer  | 2026-04-24T12:19:34.591849752Z 2026-04-24 15:19:34,591 INFO   Total:      1,008 flows in 173s
ids-consumer  | 2026-04-24T12:19:34.591852589Z [92m    BENIGN                            509[0m
ids-consumer  | 2026-04-24T12:19:34.591854224Z [91m  * Slowloris                         498[0m
ids-consumer  | 2026-04-24T12:19:34.591855661Z [91m  * DoS-GoldenEye                       1[0m
ids-consumer  | 2026-04-24T12:19:34.591867957Z 2026-04-24 15:19:34,591 INFO ───────────────────────────────────────────────────
ids-consumer  | 2026-04-24T12:19:37.512259465Z WARNING: Using incubator modules: jdk.incubator.vector
ids-consumer  | 2026-04-24T12:19:38.032707912Z Using Spark's default log4j profile: org/apache/spark/log4j2-defaults.properties
ids-consumer  | 2026-04-24T12:19:38.050150842Z 26/04/24 15:19:38 WARN Utils: Your hostname, usrv01, resolves to a loopback address: 127.0.1.1; using 192.168.88.200 instead (on interface eno1)
ids-consumer  | 2026-04-24T12:19:38.052151274Z 26/04/24 15:19:38 WARN Utils: Set SPARK_LOCAL_IP if you need to bind to another address
ids-consumer  | 2026-04-24T12:19:39.064664489Z /usr/local/lib/python3.10/dist-packages/sklearn/base.py:442: InconsistentVersionWarning: Trying to unpickle estimator LabelEncoder from version 1.8.0 when using version 1.7.2. This might lead to breaking code or invalid results. Use at your own risk. For more info please refer to:
ids-consumer  | 2026-04-24T12:19:39.064685941Z https://scikit-learn.org/stable/model_persistence.html#security-maintainability-limitations
ids-consumer  | 2026-04-24T12:19:39.064687989Z   warnings.warn(
ids-consumer  | 2026-04-24T12:19:39.064722995Z 2026-04-24 15:19:39,064 INFO XGBoost loaded | classes=['BENIGN', 'Bot', 'DDOS-HOIC', 'DoS-GoldenEye', 'DoS-Hulk', 'DoS-SlowHTTPTest', 'DoS-Slowloris', 'FTP-BruteForce', 'SSH-Bruteforce'] | features=17
ids-consumer  | 2026-04-24T12:19:50.942542177Z 2026-04-24 15:19:50,942 INFO Temporal features enabled (window=60.0s, 17 features)
ids-consumer  | 2026-04-24T12:19:50.943349919Z 2026-04-24 15:19:50,943 INFO Rule engine enabled
ids-consumer  | 2026-04-24T12:19:51.293543983Z Using Spark's default log4j profile: org/apache/spark/log4j2-defaults.properties
ids-consumer  | 2026-04-24T12:19:51.295745236Z 26/04/24 15:19:51 INFO SparkContext: Running Spark version 4.1.1
ids-consumer  | 2026-04-24T12:19:51.296044990Z 26/04/24 15:19:51 INFO SparkContext: OS info Linux, 6.17.0-22-generic, amd64
ids-consumer  | 2026-04-24T12:19:51.296164785Z 26/04/24 15:19:51 INFO SparkContext: Java version 21.0.10+7-LTS
ids-consumer  | 2026-04-24T12:19:51.343988669Z 26/04/24 15:19:51 WARN NativeCodeLoader: Unable to load native-hadoop library for your platform... using builtin-java classes where applicable
ids-consumer  | 2026-04-24T12:19:51.371149718Z 26/04/24 15:19:51 INFO ResourceUtils: ==============================================================
ids-consumer  | 2026-04-24T12:19:51.371299130Z 26/04/24 15:19:51 INFO ResourceUtils: No custom resources configured for spark.driver.
ids-consumer  | 2026-04-24T12:19:51.371468154Z 26/04/24 15:19:51 INFO ResourceUtils: ==============================================================
ids-consumer  | 2026-04-24T12:19:51.371682886Z 26/04/24 15:19:51 INFO SparkContext: Submitted application: zeek-ids
ids-consumer  | 2026-04-24T12:19:51.398778659Z 26/04/24 15:19:51 INFO SecurityManager: Changing view acls to: spark
ids-consumer  | 2026-04-24T12:19:51.398940475Z 26/04/24 15:19:51 INFO SecurityManager: Changing modify acls to: spark
ids-consumer  | 2026-04-24T12:19:51.399152357Z 26/04/24 15:19:51 INFO SecurityManager: Changing view acls groups to: spark
ids-consumer  | 2026-04-24T12:19:51.399363943Z 26/04/24 15:19:51 INFO SecurityManager: Changing modify acls groups to: spark
ids-consumer  | 2026-04-24T12:19:51.399699736Z 26/04/24 15:19:51 INFO SecurityManager: SecurityManager: authentication disabled; ui acls disabled; users with view permissions: spark groups with view permissions: EMPTY; users with modify permissions: spark; groups with modify permissions: EMPTY; RPC SSL disabled
ids-consumer  | 2026-04-24T12:19:51.537514471Z 26/04/24 15:19:51 INFO Utils: Successfully started service 'sparkDriver' on port 36879.
ids-consumer  | 2026-04-24T12:19:51.551936302Z 26/04/24 15:19:51 INFO SparkEnv: Registering MapOutputTracker
ids-consumer  | 2026-04-24T12:19:51.559142657Z 26/04/24 15:19:51 INFO SparkEnv: Registering BlockManagerMaster
ids-consumer  | 2026-04-24T12:19:51.569321356Z 26/04/24 15:19:51 INFO BlockManagerMasterEndpoint: Using org.apache.spark.storage.DefaultTopologyMapper for getting topology information
ids-consumer  | 2026-04-24T12:19:51.569618438Z 26/04/24 15:19:51 INFO BlockManagerMasterEndpoint: BlockManagerMasterEndpoint up
ids-consumer  | 2026-04-24T12:19:51.571450511Z 26/04/24 15:19:51 INFO SparkEnv: Registering BlockManagerMasterHeartbeat
ids-consumer  | 2026-04-24T12:19:51.583690760Z 26/04/24 15:19:51 INFO DiskBlockManager: Created local directory at /tmp/blockmgr-126d611e-e577-498a-b21b-9b4e7c70e96f
ids-consumer  | 2026-04-24T12:19:51.595568222Z 26/04/24 15:19:51 INFO SparkEnv: Registering OutputCommitCoordinator
ids-consumer  | 2026-04-24T12:19:51.656924397Z 26/04/24 15:19:51 INFO JettyUtils: Start Jetty 0.0.0.0:4040 for SparkUI
ids-consumer  | 2026-04-24T12:19:51.703637985Z 26/04/24 15:19:51 INFO Utils: Successfully started service 'SparkUI' on port 4040.
ids-consumer  | 2026-04-24T12:19:51.735131487Z 26/04/24 15:19:51 INFO ResourceProfile: Default ResourceProfile created, executor resources: Map(cores -> name: cores, amount: 1, script: , vendor: , memory -> name: memory, amount: 1024, script: , vendor: , offHeap -> name: offHeap, amount: 0, script: , vendor: ), task resources: Map(cpus -> name: cpus, amount: 1.0)
ids-consumer  | 2026-04-24T12:19:51.736020047Z 26/04/24 15:19:51 INFO ResourceProfile: Limiting resource is cpu
ids-consumer  | 2026-04-24T12:19:51.736288768Z 26/04/24 15:19:51 INFO ResourceProfileManager: Added ResourceProfile id: 0
ids-consumer  | 2026-04-24T12:19:51.742421843Z 26/04/24 15:19:51 INFO SecurityManager: Changing view acls to: spark
ids-consumer  | 2026-04-24T12:19:51.742516559Z 26/04/24 15:19:51 INFO SecurityManager: Changing modify acls to: spark
ids-consumer  | 2026-04-24T12:19:51.742605867Z 26/04/24 15:19:51 INFO SecurityManager: Changing view acls groups to: spark
ids-consumer  | 2026-04-24T12:19:51.742691691Z 26/04/24 15:19:51 INFO SecurityManager: Changing modify acls groups to: spark
ids-consumer  | 2026-04-24T12:19:51.742837086Z 26/04/24 15:19:51 INFO SecurityManager: SecurityManager: authentication disabled; ui acls disabled; users with view permissions: spark groups with view permissions: EMPTY; users with modify permissions: spark; groups with modify permissions: EMPTY; RPC SSL disabled
ids-consumer  | 2026-04-24T12:19:51.822400526Z 26/04/24 15:19:51 INFO Executor: Starting executor ID driver on host 192.168.88.200
ids-consumer  | 2026-04-24T12:19:51.822614387Z 26/04/24 15:19:51 INFO Executor: OS info Linux, 6.17.0-22-generic, amd64
ids-consumer  | 2026-04-24T12:19:51.822833109Z 26/04/24 15:19:51 INFO Executor: Java version 21.0.10+7-LTS
ids-consumer  | 2026-04-24T12:19:51.826200497Z 26/04/24 15:19:51 INFO Executor: Starting executor with user classpath (userClassPathFirst = false): ''
ids-consumer  | 2026-04-24T12:19:51.826547171Z 26/04/24 15:19:51 INFO Executor: Created or updated repl class loader org.apache.spark.util.MutableURLClassLoader@64af7d74 for default.
ids-consumer  | 2026-04-24T12:19:51.837106421Z 26/04/24 15:19:51 INFO Utils: Successfully started service 'org.apache.spark.network.netty.NettyBlockTransferService' on port 36645.
ids-consumer  | 2026-04-24T12:19:51.841910376Z 26/04/24 15:19:51 INFO NettyBlockTransferService: Server created on 192.168.88.200:36645
ids-consumer  | 2026-04-24T12:19:51.842920052Z 26/04/24 15:19:51 INFO BlockManager: Using org.apache.spark.storage.RandomBlockReplicationPolicy for block replication policy
ids-consumer  | 2026-04-24T12:19:51.852045397Z 26/04/24 15:19:51 INFO BlockManagerMaster: Registering BlockManager BlockManagerId(driver, 192.168.88.200, 36645, None)
ids-consumer  | 2026-04-24T12:19:51.854839892Z 26/04/24 15:19:51 INFO BlockManagerMasterEndpoint: Registering block manager 192.168.88.200:36645 with 4.6 GiB RAM, BlockManagerId(driver, 192.168.88.200, 36645, None)
ids-consumer  | 2026-04-24T12:19:51.856374315Z 26/04/24 15:19:51 INFO BlockManagerMaster: Registered BlockManager BlockManagerId(driver, 192.168.88.200, 36645, None)
ids-consumer  | 2026-04-24T12:19:51.856999647Z 26/04/24 15:19:51 INFO BlockManager: Initialized BlockManager: BlockManagerId(driver, 192.168.88.200, 36645, None)
ids-consumer  | 2026-04-24T12:19:53.088956010Z 2026-04-24 15:19:53,088 INFO Spark 4.1.1 started
ids-consumer  | 2026-04-24T12:19:53.893641995Z 26/04/24 15:19:53 WARN ResolveWriteToStream: spark.sql.adaptive.enabled is not supported in streaming DataFrames/Datasets and will be disabled.
ids-consumer  | 2026-04-24T12:19:53.998934798Z 2026-04-24 15:19:53,998 INFO Listening for Zeek flows...
ids-consumer  | 2026-04-24T12:20:38.465489836Z [91m2026-04-24 15:20:38 [NEW] [Rule] Slowloris              src=10.0.1.10        → 10.0.1.20:80 conf=0.95[0m
ids-consumer  | 2026-04-24T12:20:38.465513209Z 2026-04-24 15:20:38,465 INFO Batch #684: 15 flows | 14ms (1,079 fl/s) temp=1ms rules=10
ids-consumer  | 2026-04-24T12:20:38.465515561Z 2026-04-24 15:20:38,465 INFO ── STATS ──────────────────────────────────────────
ids-consumer  | 2026-04-24T12:20:38.465518409Z 2026-04-24 15:20:38,465 INFO   Layers:     XGBoost (temporal) + Rules
ids-consumer  | 2026-04-24T12:20:38.465523351Z 2026-04-24 15:20:38,465 INFO   Throughput: 0 flows/sec
ids-consumer  | 2026-04-24T12:20:38.465557441Z 2026-04-24 15:20:38,465 INFO   Total:      15 flows in 48s
ids-consumer  | 2026-04-24T12:20:38.465561220Z [91m  * Slowloris                          10[0m
ids-consumer  | 2026-04-24T12:20:38.465563018Z [92m    BENIGN                              5[0m
ids-consumer  | 2026-04-24T12:20:38.465583593Z 2026-04-24 15:20:38,465 INFO   Active attacks: 1
ids-consumer  | 2026-04-24T12:20:38.465604810Z 2026-04-24 15:20:38,465 INFO ───────────────────────────────────────────────────
ids-consumer  | 2026-04-24T12:20:38.492497793Z 26/04/24 15:20:38 WARN ProcessingTimeExecutor: Current batch is falling behind. The trigger interval is 1000 milliseconds, but spent 1490 milliseconds
ids-consumer  | 2026-04-24T12:20:38.616305685Z [91m2026-04-24 15:20:38 [NEW] [ML] DoS-GoldenEye          src=10.0.1.10        → 10.0.1.20:80 conf=0.71[0m
ids-consumer  | 2026-04-24T12:20:38.617852434Z 2026-04-24 15:20:38,617 INFO Batch #685: 389 flows | 31ms (12,711 fl/s) temp=11ms rules=375
ids-consumer  | 2026-04-24T12:20:52.604551378Z 2026-04-24 15:20:52,604 INFO Batch #686: 16 flows | 9ms (1,851 fl/s) temp=1ms
ids-consumer  | 2026-04-24T12:20:52.604570761Z 2026-04-24 15:20:52,604 INFO ── STATS ──────────────────────────────────────────
ids-consumer  | 2026-04-24T12:20:52.604573514Z 2026-04-24 15:20:52,604 INFO   Layers:     XGBoost (temporal) + Rules
ids-consumer  | 2026-04-24T12:20:52.604575153Z 2026-04-24 15:20:52,604 INFO   Throughput: 7 flows/sec
ids-consumer  | 2026-04-24T12:20:52.604576724Z 2026-04-24 15:20:52,604 INFO   Total:      420 flows in 62s
ids-consumer  | 2026-04-24T12:20:52.604588212Z [91m  * Slowloris                         385[0m
ids-consumer  | 2026-04-24T12:20:52.604589928Z [92m    BENIGN                             24[0m
ids-consumer  | 2026-04-24T12:20:52.604590987Z [91m  * DoS-GoldenEye                      11[0m
ids-consumer  | 2026-04-24T12:20:52.604592047Z 2026-04-24 15:20:52,604 INFO   Active attacks: 2
ids-consumer  | 2026-04-24T12:20:52.604603519Z 2026-04-24 15:20:52,604 INFO ───────────────────────────────────────────────────
ids-consumer  | 2026-04-24T12:21:02.667376676Z 2026-04-24 15:21:02,667 INFO Batch #687: 1 flows | 7ms (151 fl/s) temp=0ms
ids-consumer  | 2026-04-24T12:21:02.667393942Z 2026-04-24 15:21:02,667 INFO ── STATS ──────────────────────────────────────────
ids-consumer  | 2026-04-24T12:21:02.667396133Z 2026-04-24 15:21:02,667 INFO   Layers:     XGBoost (temporal) + Rules
ids-consumer  | 2026-04-24T12:21:02.667397302Z 2026-04-24 15:21:02,667 INFO   Throughput: 6 flows/sec
ids-consumer  | 2026-04-24T12:21:02.667398368Z 2026-04-24 15:21:02,667 INFO   Total:      421 flows in 72s
ids-consumer  | 2026-04-24T12:21:02.667399368Z [91m  * Slowloris                         385[0m
ids-consumer  | 2026-04-24T12:21:02.667400527Z [92m    BENIGN                             25[0m
ids-consumer  | 2026-04-24T12:21:02.667401555Z [91m  * DoS-GoldenEye                      11[0m
ids-consumer  | 2026-04-24T12:21:02.667416658Z 2026-04-24 15:21:02,667 INFO   Active attacks: 2
ids-consumer  | 2026-04-24T12:21:02.667421811Z 2026-04-24 15:21:02,667 INFO ───────────────────────────────────────────────────
ids-consumer  | 2026-04-24T12:21:03.674409976Z [91m2026-04-24 15:21:03 [NEW] [Rule] FTP-BruteForce-Rule    src=10.0.1.10        → 10.0.1.20:21 conf=0.95[0m
ids-consumer  | 2026-04-24T12:21:03.674427667Z 2026-04-24 15:21:03,674 INFO Batch #688: 15 flows | 8ms (1,892 fl/s) temp=0ms rules=3
ids-consumer  | 2026-04-24T12:21:11.660090913Z [38;5;208m2026-04-24 15:21:11 [END] [Rule] Slowloris              src=10.0.1.10        duration=0s flows=385 conf=avg:0.95/max:0.95[0m
ids-consumer  | 2026-04-24T12:21:11.660114439Z [38;5;208m2026-04-24 15:21:11 [END] [ML] DoS-GoldenEye          src=10.0.1.10        duration=0s flows=11 conf=avg:0.89/max:0.99[0m
ids-consumer  | 2026-04-24T12:21:11.660116952Z 2026-04-24 15:21:11,659 INFO Batch #689: 1 flows | 7ms (143 fl/s) temp=0ms rules=1
ids-consumer  | 2026-04-24T12:21:13.585288644Z 2026-04-24 15:21:13,585 INFO Batch #690: 1 flows | 7ms (141 fl/s) temp=0ms rules=1
ids-consumer  | 2026-04-24T12:21:13.585307040Z 2026-04-24 15:21:13,585 INFO ── STATS ──────────────────────────────────────────
ids-consumer  | 2026-04-24T12:21:13.585309731Z 2026-04-24 15:21:13,585 INFO   Layers:     XGBoost (temporal) + Rules
ids-consumer  | 2026-04-24T12:21:13.585336265Z 2026-04-24 15:21:13,585 INFO   Throughput: 5 flows/sec
ids-consumer  | 2026-04-24T12:21:13.585343623Z 2026-04-24 15:21:13,585 INFO   Total:      438 flows in 83s
ids-consumer  | 2026-04-24T12:21:13.585345753Z [91m  * Slowloris                         385[0m
ids-consumer  | 2026-04-24T12:21:13.585355075Z [92m    BENIGN                             37[0m
ids-consumer  | 2026-04-24T12:21:13.585356525Z [91m  * DoS-GoldenEye                      11[0m
ids-consumer  | 2026-04-24T12:21:13.585357558Z [91m  * FTP-BruteForce-Rule                 5[0m
ids-consumer  | 2026-04-24T12:21:13.585358591Z 2026-04-24 15:21:13,585 INFO   Active attacks: 1
ids-consumer  | 2026-04-24T12:21:13.585359775Z 2026-04-24 15:21:13,585 INFO ───────────────────────────────────────────────────
ids-consumer  | 2026-04-24T12:21:14.579947667Z 2026-04-24 15:21:14,579 INFO Batch #691: 14 flows | 8ms (1,794 fl/s) temp=0ms rules=14
ids-consumer  | 2026-04-24T12:21:22.637284234Z 2026-04-24 15:21:22,637 INFO Batch #692: 1 flows | 7ms (145 fl/s) temp=0ms rules=1
ids-consumer  | 2026-04-24T12:21:23.597878052Z 2026-04-24 15:21:23,597 INFO Batch #693: 2 flows | 7ms (274 fl/s) temp=0ms rules=2
ids-consumer  | 2026-04-24T12:21:23.597905329Z 2026-04-24 15:21:23,597 INFO ── STATS ──────────────────────────────────────────
ids-consumer  | 2026-04-24T12:21:23.597909749Z 2026-04-24 15:21:23,597 INFO   Layers:     XGBoost (temporal) + Rules
ids-consumer  | 2026-04-24T12:21:23.597914058Z 2026-04-24 15:21:23,597 INFO   Throughput: 5 flows/sec
ids-consumer  | 2026-04-24T12:21:23.597916191Z 2026-04-24 15:21:23,597 INFO   Total:      455 flows in 93s
ids-consumer  | 2026-04-24T12:21:23.597932707Z [91m  * Slowloris                         385[0m
ids-consumer  | 2026-04-24T12:21:23.597939767Z [92m    BENIGN                             37[0m
ids-consumer  | 2026-04-24T12:21:23.597942277Z [91m  * FTP-BruteForce-Rule                22[0m
ids-consumer  | 2026-04-24T12:21:23.597944067Z [91m  * DoS-GoldenEye                      11[0m
ids-consumer  | 2026-04-24T12:21:23.597960742Z 2026-04-24 15:21:23,597 INFO   Active attacks: 1
ids-consumer  | 2026-04-24T12:21:23.598013382Z 2026-04-24 15:21:23,597 INFO ───────────────────────────────────────────────────
ids-consumer  | 2026-04-24T12:21:24.642127845Z 2026-04-24 15:21:24,641 INFO Batch #694: 1 flows | 7ms (148 fl/s) temp=0ms rules=1
ids-consumer  | 2026-04-24T12:21:26.617358956Z 2026-04-24 15:21:26,617 INFO Batch #695: 12 flows | 8ms (1,499 fl/s) temp=0ms rules=12
ids-consumer  | 2026-04-24T12:21:33.584706676Z 2026-04-24 15:21:33,584 INFO Batch #696: 1 flows | 11ms (92 fl/s) temp=0ms rules=1
ids-consumer  | 2026-04-24T12:21:34.577709872Z 2026-04-24 15:21:34,577 INFO Batch #697: 3 flows | 25ms (122 fl/s) temp=1ms rules=3
ids-consumer  | 2026-04-24T12:21:34.577746321Z 2026-04-24 15:21:34,577 INFO ── STATS ──────────────────────────────────────────
ids-consumer  | 2026-04-24T12:21:34.577756570Z 2026-04-24 15:21:34,577 INFO   Layers:     XGBoost (temporal) + Rules
ids-consumer  | 2026-04-24T12:21:34.577760674Z 2026-04-24 15:21:34,577 INFO   Throughput: 5 flows/sec
ids-consumer  | 2026-04-24T12:21:34.577876107Z 2026-04-24 15:21:34,577 INFO   Total:      472 flows in 104s
ids-consumer  | 2026-04-24T12:21:34.577896156Z [91m  * Slowloris                         385[0m
ids-consumer  | 2026-04-24T12:21:34.577899462Z [91m  * FTP-BruteForce-Rule                39[0m
ids-consumer  | 2026-04-24T12:21:34.577901437Z [92m    BENIGN                             37[0m
ids-consumer  | 2026-04-24T12:21:34.577903293Z [91m  * DoS-GoldenEye                      11[0m
ids-consumer  | 2026-04-24T12:21:34.577908361Z 2026-04-24 15:21:34,577 INFO   Active attacks: 1
ids-consumer  | 2026-04-24T12:21:34.577910381Z 2026-04-24 15:21:34,577 INFO ───────────────────────────────────────────────────
ids-consumer  | 2026-04-24T12:21:35.554987157Z 2026-04-24 15:21:35,554 INFO Batch #698: 1 flows | 7ms (141 fl/s) temp=0ms rules=1
ids-consumer  | 2026-04-24T12:21:36.615742248Z 2026-04-24 15:21:36,615 INFO Batch #699: 11 flows | 29ms (385 fl/s) temp=2ms rules=11
ids-consumer  | 2026-04-24T12:21:40.599904877Z 2026-04-24 15:21:40,599 INFO Batch #700: 11 flows | 28ms (388 fl/s) temp=2ms rules=11
ids-consumer  | 2026-04-24T12:21:41.635299508Z 2026-04-24 15:21:41,635 INFO Batch #701: 3 flows | 7ms (430 fl/s) temp=0ms rules=3
ids-consumer  | 2026-04-24T12:21:42.559963617Z 2026-04-24 15:21:42,559 INFO Batch #702: 3 flows | 7ms (424 fl/s) temp=0ms rules=2
ids-consumer  | 2026-04-24T12:21:46.402328416Z WARNING: Using incubator modules: jdk.incubator.vector
ids-consumer  | 2026-04-24T12:21:46.922126142Z Using Spark's default log4j profile: org/apache/spark/log4j2-defaults.properties
ids-consumer  | 2026-04-24T12:21:46.939538665Z 26/04/24 15:21:46 WARN Utils: Your hostname, usrv01, resolves to a loopback address: 127.0.1.1; using 192.168.88.200 instead (on interface eno1)
ids-consumer  | 2026-04-24T12:21:46.941416506Z 26/04/24 15:21:46 WARN Utils: Set SPARK_LOCAL_IP if you need to bind to another address
ids-consumer  | 2026-04-24T12:21:47.950319135Z /usr/local/lib/python3.10/dist-packages/sklearn/base.py:442: InconsistentVersionWarning: Trying to unpickle estimator LabelEncoder from version 1.8.0 when using version 1.7.2. This might lead to breaking code or invalid results. Use at your own risk. For more info please refer to:
ids-consumer  | 2026-04-24T12:21:47.950339598Z https://scikit-learn.org/stable/model_persistence.html#security-maintainability-limitations
ids-consumer  | 2026-04-24T12:21:47.950342398Z   warnings.warn(
ids-consumer  | 2026-04-24T12:21:47.950353306Z 2026-04-24 15:21:47,950 INFO XGBoost loaded | classes=['BENIGN', 'Bot', 'DDOS-HOIC', 'DoS-GoldenEye', 'DoS-Hulk', 'DoS-SlowHTTPTest', 'DoS-Slowloris', 'FTP-BruteForce', 'SSH-Bruteforce'] | features=17
ids-consumer  | 2026-04-24T12:21:59.705587001Z 2026-04-24 15:21:59,705 INFO Temporal features enabled (window=60.0s, 17 features)
ids-consumer  | 2026-04-24T12:21:59.706497920Z 2026-04-24 15:21:59,706 INFO Rule engine enabled
ids-consumer  | 2026-04-24T12:22:00.052525399Z Using Spark's default log4j profile: org/apache/spark/log4j2-defaults.properties
ids-consumer  | 2026-04-24T12:22:00.054683820Z 26/04/24 15:22:00 INFO SparkContext: Running Spark version 4.1.1
ids-consumer  | 2026-04-24T12:22:00.054983250Z 26/04/24 15:22:00 INFO SparkContext: OS info Linux, 6.17.0-22-generic, amd64
ids-consumer  | 2026-04-24T12:22:00.055162543Z 26/04/24 15:22:00 INFO SparkContext: Java version 21.0.10+7-LTS
ids-consumer  | 2026-04-24T12:22:00.102249636Z 26/04/24 15:22:00 WARN NativeCodeLoader: Unable to load native-hadoop library for your platform... using builtin-java classes where applicable
ids-consumer  | 2026-04-24T12:22:00.130010626Z 26/04/24 15:22:00 INFO ResourceUtils: ==============================================================
ids-consumer  | 2026-04-24T12:22:00.130148268Z 26/04/24 15:22:00 INFO ResourceUtils: No custom resources configured for spark.driver.
ids-consumer  | 2026-04-24T12:22:00.130355633Z 26/04/24 15:22:00 INFO ResourceUtils: ==============================================================
ids-consumer  | 2026-04-24T12:22:00.130591102Z 26/04/24 15:22:00 INFO SparkContext: Submitted application: zeek-ids
ids-consumer  | 2026-04-24T12:22:00.157886694Z 26/04/24 15:22:00 INFO SecurityManager: Changing view acls to: spark
ids-consumer  | 2026-04-24T12:22:00.158095280Z 26/04/24 15:22:00 INFO SecurityManager: Changing modify acls to: spark
ids-consumer  | 2026-04-24T12:22:00.158319051Z 26/04/24 15:22:00 INFO SecurityManager: Changing view acls groups to: spark
ids-consumer  | 2026-04-24T12:22:00.158535313Z 26/04/24 15:22:00 INFO SecurityManager: Changing modify acls groups to: spark
ids-consumer  | 2026-04-24T12:22:00.158857208Z 26/04/24 15:22:00 INFO SecurityManager: SecurityManager: authentication disabled; ui acls disabled; users with view permissions: spark groups with view permissions: EMPTY; users with modify permissions: spark; groups with modify permissions: EMPTY; RPC SSL disabled
ids-consumer  | 2026-04-24T12:22:00.293355509Z 26/04/24 15:22:00 INFO Utils: Successfully started service 'sparkDriver' on port 37063.
ids-consumer  | 2026-04-24T12:22:00.308061527Z 26/04/24 15:22:00 INFO SparkEnv: Registering MapOutputTracker
ids-consumer  | 2026-04-24T12:22:00.315673461Z 26/04/24 15:22:00 INFO SparkEnv: Registering BlockManagerMaster
ids-consumer  | 2026-04-24T12:22:00.325853918Z 26/04/24 15:22:00 INFO BlockManagerMasterEndpoint: Using org.apache.spark.storage.DefaultTopologyMapper for getting topology information
ids-consumer  | 2026-04-24T12:22:00.326099589Z 26/04/24 15:22:00 INFO BlockManagerMasterEndpoint: BlockManagerMasterEndpoint up
ids-consumer  | 2026-04-24T12:22:00.327777040Z 26/04/24 15:22:00 INFO SparkEnv: Registering BlockManagerMasterHeartbeat
ids-consumer  | 2026-04-24T12:22:00.340294940Z 26/04/24 15:22:00 INFO DiskBlockManager: Created local directory at /tmp/blockmgr-e64c0743-d3fe-4bf4-a5d8-f3ed6a26cee1
ids-consumer  | 2026-04-24T12:22:00.351308571Z 26/04/24 15:22:00 INFO SparkEnv: Registering OutputCommitCoordinator
ids-consumer  | 2026-04-24T12:22:00.412230605Z 26/04/24 15:22:00 INFO JettyUtils: Start Jetty 0.0.0.0:4040 for SparkUI
ids-consumer  | 2026-04-24T12:22:00.456812866Z 26/04/24 15:22:00 INFO Utils: Successfully started service 'SparkUI' on port 4040.
ids-consumer  | 2026-04-24T12:22:00.487751345Z 26/04/24 15:22:00 INFO ResourceProfile: Default ResourceProfile created, executor resources: Map(cores -> name: cores, amount: 1, script: , vendor: , memory -> name: memory, amount: 1024, script: , vendor: , offHeap -> name: offHeap, amount: 0, script: , vendor: ), task resources: Map(cpus -> name: cpus, amount: 1.0)
ids-consumer  | 2026-04-24T12:22:00.488617022Z 26/04/24 15:22:00 INFO ResourceProfile: Limiting resource is cpu
ids-consumer  | 2026-04-24T12:22:00.488981038Z 26/04/24 15:22:00 INFO ResourceProfileManager: Added ResourceProfile id: 0
ids-consumer  | 2026-04-24T12:22:00.494860157Z 26/04/24 15:22:00 INFO SecurityManager: Changing view acls to: spark
ids-consumer  | 2026-04-24T12:22:00.495003220Z 26/04/24 15:22:00 INFO SecurityManager: Changing modify acls to: spark
ids-consumer  | 2026-04-24T12:22:00.495099867Z 26/04/24 15:22:00 INFO SecurityManager: Changing view acls groups to: spark
ids-consumer  | 2026-04-24T12:22:00.495196852Z 26/04/24 15:22:00 INFO SecurityManager: Changing modify acls groups to: spark
ids-consumer  | 2026-04-24T12:22:00.495320325Z 26/04/24 15:22:00 INFO SecurityManager: SecurityManager: authentication disabled; ui acls disabled; users with view permissions: spark groups with view permissions: EMPTY; users with modify permissions: spark; groups with modify permissions: EMPTY; RPC SSL disabled
ids-consumer  | 2026-04-24T12:22:00.573933618Z 26/04/24 15:22:00 INFO Executor: Starting executor ID driver on host 192.168.88.200
ids-consumer  | 2026-04-24T12:22:00.574131185Z 26/04/24 15:22:00 INFO Executor: OS info Linux, 6.17.0-22-generic, amd64
ids-consumer  | 2026-04-24T12:22:00.574342910Z 26/04/24 15:22:00 INFO Executor: Java version 21.0.10+7-LTS
ids-consumer  | 2026-04-24T12:22:00.577710771Z 26/04/24 15:22:00 INFO Executor: Starting executor with user classpath (userClassPathFirst = false): ''
ids-consumer  | 2026-04-24T12:22:00.578082006Z 26/04/24 15:22:00 INFO Executor: Created or updated repl class loader org.apache.spark.util.MutableURLClassLoader@64af7d74 for default.
ids-consumer  | 2026-04-24T12:22:00.588097691Z 26/04/24 15:22:00 INFO Utils: Successfully started service 'org.apache.spark.network.netty.NettyBlockTransferService' on port 45809.
ids-consumer  | 2026-04-24T12:22:00.592601625Z 26/04/24 15:22:00 INFO NettyBlockTransferService: Server created on 192.168.88.200:45809
ids-consumer  | 2026-04-24T12:22:00.593663665Z 26/04/24 15:22:00 INFO BlockManager: Using org.apache.spark.storage.RandomBlockReplicationPolicy for block replication policy
ids-consumer  | 2026-04-24T12:22:00.602808729Z 26/04/24 15:22:00 INFO BlockManagerMaster: Registering BlockManager BlockManagerId(driver, 192.168.88.200, 45809, None)
ids-consumer  | 2026-04-24T12:22:00.606131763Z 26/04/24 15:22:00 INFO BlockManagerMasterEndpoint: Registering block manager 192.168.88.200:45809 with 4.6 GiB RAM, BlockManagerId(driver, 192.168.88.200, 45809, None)
ids-consumer  | 2026-04-24T12:22:00.607642358Z 26/04/24 15:22:00 INFO BlockManagerMaster: Registered BlockManager BlockManagerId(driver, 192.168.88.200, 45809, None)
ids-consumer  | 2026-04-24T12:22:00.608231021Z 26/04/24 15:22:00 INFO BlockManager: Initialized BlockManager: BlockManagerId(driver, 192.168.88.200, 45809, None)
ids-consumer  | 2026-04-24T12:22:01.808900678Z 2026-04-24 15:22:01,808 INFO Spark 4.1.1 started
ids-consumer  | 2026-04-24T12:22:02.594568806Z 26/04/24 15:22:02 WARN ResolveWriteToStream: spark.sql.adaptive.enabled is not supported in streaming DataFrames/Datasets and will be disabled.
ids-consumer  | 2026-04-24T12:22:02.694519930Z 2026-04-24 15:22:02,694 INFO Listening for Zeek flows...
ids-consumer  | 2026-04-24T12:22:47.441294925Z 2026-04-24 15:22:47,441 INFO Batch #703: 1 flows | 11ms (90 fl/s) temp=0ms
ids-consumer  | 2026-04-24T12:22:47.441316333Z 2026-04-24 15:22:47,441 INFO ── STATS ──────────────────────────────────────────
ids-consumer  | 2026-04-24T12:22:47.441319706Z 2026-04-24 15:22:47,441 INFO   Layers:     XGBoost (temporal) + Rules
ids-consumer  | 2026-04-24T12:22:47.441385794Z 2026-04-24 15:22:47,441 INFO   Throughput: 0 flows/sec
ids-consumer  | 2026-04-24T12:22:47.441394250Z 2026-04-24 15:22:47,441 INFO   Total:      1 flows in 48s
ids-consumer  | 2026-04-24T12:22:47.441437038Z [92m    BENIGN                              1[0m
ids-consumer  | 2026-04-24T12:22:47.441443499Z 2026-04-24 15:22:47,441 INFO ───────────────────────────────────────────────────
ids-consumer  | 2026-04-24T12:22:47.471163172Z 26/04/24 15:22:47 WARN ProcessingTimeExecutor: Current batch is falling behind. The trigger interval is 1000 milliseconds, but spent 1469 milliseconds
ids-consumer  | 2026-04-24T12:23:31.598752917Z 2026-04-24 15:23:31,598 INFO Batch #704: 4 flows | 12ms (334 fl/s) temp=0ms
ids-consumer  | 2026-04-24T12:23:31.598772867Z 2026-04-24 15:23:31,598 INFO ── STATS ──────────────────────────────────────────
ids-consumer  | 2026-04-24T12:23:31.598775574Z 2026-04-24 15:23:31,598 INFO   Layers:     XGBoost (temporal) + Rules
ids-consumer  | 2026-04-24T12:23:31.598816575Z 2026-04-24 15:23:31,598 INFO   Throughput: 0 flows/sec
ids-consumer  | 2026-04-24T12:23:31.598823883Z 2026-04-24 15:23:31,598 INFO   Total:      5 flows in 92s
ids-consumer  | 2026-04-24T12:23:31.598825950Z [92m    BENIGN                              5[0m
ids-consumer  | 2026-04-24T12:23:31.598905046Z 2026-04-24 15:23:31,598 INFO ───────────────────────────────────────────────────
ids-consumer  | 2026-04-24T12:23:50.598840359Z 2026-04-24 15:23:50,598 INFO Batch #705: 1 flows | 6ms (172 fl/s) temp=0ms
ids-consumer  | 2026-04-24T12:23:50.598861515Z 2026-04-24 15:23:50,598 INFO ── STATS ──────────────────────────────────────────
ids-consumer  | 2026-04-24T12:23:50.598887261Z 2026-04-24 15:23:50,598 INFO   Layers:     XGBoost (temporal) + Rules
ids-consumer  | 2026-04-24T12:23:50.598896126Z 2026-04-24 15:23:50,598 INFO   Throughput: 0 flows/sec
ids-consumer  | 2026-04-24T12:23:50.598898578Z 2026-04-24 15:23:50,598 INFO   Total:      6 flows in 111s
ids-consumer  | 2026-04-24T12:23:50.598900280Z [92m    BENIGN                              6[0m
ids-consumer  | 2026-04-24T12:23:50.598902179Z 2026-04-24 15:23:50,598 INFO ───────────────────────────────────────────────────
ids-consumer  | 2026-04-24T12:23:56.684567029Z 2026-04-24 15:23:56,684 INFO Batch #706: 13 flows | 8ms (1,580 fl/s) temp=0ms
ids-consumer  | 2026-04-24T12:23:57.670220209Z 2026-04-24 15:23:57,670 INFO Batch #707: 3 flows | 8ms (395 fl/s) temp=0ms
ids-consumer  | 2026-04-24T12:24:16.573061897Z 2026-04-24 15:24:16,572 INFO Batch #708: 1 flows | 7ms (136 fl/s) temp=0ms
ids-consumer  | 2026-04-24T12:24:16.573084085Z 2026-04-24 15:24:16,572 INFO ── STATS ──────────────────────────────────────────
ids-consumer  | 2026-04-24T12:24:16.573086787Z 2026-04-24 15:24:16,572 INFO   Layers:     XGBoost (temporal) + Rules
ids-consumer  | 2026-04-24T12:24:16.573088387Z 2026-04-24 15:24:16,572 INFO   Throughput: 0 flows/sec
ids-consumer  | 2026-04-24T12:24:16.573089796Z 2026-04-24 15:24:16,572 INFO   Total:      23 flows in 137s
ids-consumer  | 2026-04-24T12:24:16.573091219Z [92m    BENIGN                             23[0m
ids-consumer  | 2026-04-24T12:24:16.573100741Z 2026-04-24 15:24:16,573 INFO ───────────────────────────────────────────────────
ids-consumer  | 2026-04-24T12:24:19.632133699Z 2026-04-24 15:24:19,631 INFO Batch #709: 2 flows | 7ms (276 fl/s) temp=0ms
ids-consumer  | 2026-04-24T12:24:20.654254624Z 2026-04-24 15:24:20,654 INFO Batch #710: 2 flows | 7ms (277 fl/s) temp=0ms
ids-consumer  | 2026-04-24T12:24:21.646080936Z [91m2026-04-24 15:24:21 [NEW] [Rule] SSH-BruteForce-Rule    src=10.0.1.10        → 10.0.1.20:22 conf=0.95[0m
ids-consumer  | 2026-04-24T12:24:21.646141495Z 2026-04-24 15:24:21,646 INFO Batch #711: 10 flows | 9ms (1,104 fl/s) temp=0ms rules=6
ids-consumer  | 2026-04-24T12:24:22.579303417Z 2026-04-24 15:24:22,579 INFO Batch #712: 2 flows | 7ms (285 fl/s) temp=0ms rules=2
ids-consumer  | 2026-04-24T12:24:39.575767547Z 2026-04-24 15:24:39,575 INFO Batch #713: 1 flows | 7ms (143 fl/s) temp=0ms rules=1
ids-consumer  | 2026-04-24T12:24:39.575785955Z 2026-04-24 15:24:39,575 INFO ── STATS ──────────────────────────────────────────
ids-consumer  | 2026-04-24T12:24:39.575788231Z 2026-04-24 15:24:39,575 INFO   Layers:     XGBoost (temporal) + Rules
ids-consumer  | 2026-04-24T12:24:39.575791430Z 2026-04-24 15:24:39,575 INFO   Throughput: 0 flows/sec
ids-consumer  | 2026-04-24T12:24:39.575792645Z 2026-04-24 15:24:39,575 INFO   Total:      40 flows in 160s
ids-consumer  | 2026-04-24T12:24:39.575793684Z [92m    BENIGN                             31[0m
ids-consumer  | 2026-04-24T12:24:39.575795064Z [91m  * SSH-BruteForce-Rule                 9[0m
ids-consumer  | 2026-04-24T12:24:39.575796207Z 2026-04-24 15:24:39,575 INFO   Active attacks: 1
ids-consumer  | 2026-04-24T12:24:39.575865834Z 2026-04-24 15:24:39,575 INFO ───────────────────────────────────────────────────
ids-consumer  | 2026-04-24T12:24:41.571097495Z 2026-04-24 15:24:41,570 INFO Batch #714: 1 flows | 7ms (145 fl/s) temp=0ms rules=1
ids-consumer  | 2026-04-24T12:24:43.579093343Z 2026-04-24 15:24:43,578 INFO Batch #715: 1 flows | 7ms (148 fl/s) temp=0ms rules=1
ids-consumer  | 2026-04-24T12:24:44.318417265Z 2026-04-24 15:24:44,318 INFO Batch #716: 10 flows | 8ms (1,300 fl/s) temp=0ms rules=4
ids-consumer  | 2026-04-24T12:24:45.312025370Z 2026-04-24 15:24:45,311 INFO Batch #717: 1 flows | 8ms (119 fl/s) temp=0ms rules=1
ids-consumer  | 2026-04-24T12:24:46.569926202Z 2026-04-24 15:24:46,569 INFO Batch #718: 1 flows | 7ms (142 fl/s) temp=0ms rules=1
ids-consumer  | 2026-04-24T12:24:55.602162249Z 2026-04-24 15:24:55,601 INFO Batch #719: 1 flows | 24ms (42 fl/s) temp=0ms
ids-consumer  | 2026-04-24T12:24:55.602213321Z 2026-04-24 15:24:55,601 INFO ── STATS ──────────────────────────────────────────
ids-consumer  | 2026-04-24T12:24:55.602221656Z 2026-04-24 15:24:55,602 INFO   Layers:     XGBoost (temporal) + Rules
ids-consumer  | 2026-04-24T12:24:55.602311183Z 2026-04-24 15:24:55,602 INFO   Throughput: 0 flows/sec
ids-consumer  | 2026-04-24T12:24:55.602331708Z 2026-04-24 15:24:55,602 INFO   Total:      55 flows in 176s
ids-consumer  | 2026-04-24T12:24:55.602356929Z [92m    BENIGN                             38[0m
ids-consumer  | 2026-04-24T12:24:55.602363901Z [91m  * SSH-BruteForce-Rule                17[0m
ids-consumer  | 2026-04-24T12:24:55.602393752Z 2026-04-24 15:24:55,602 INFO   Active attacks: 1
ids-consumer  | 2026-04-24T12:24:55.602402512Z 2026-04-24 15:24:55,602 INFO ───────────────────────────────────────────────────
ids-consumer  | 2026-04-24T12:25:02.520417591Z 2026-04-24 15:25:02,520 INFO Batch #720: 8 flows | 8ms (1,027 fl/s) temp=0ms rules=8
ids-consumer  | 2026-04-24T12:25:03.580493561Z 2026-04-24 15:25:03,580 INFO Batch #721: 3 flows | 7ms (403 fl/s) temp=0ms rules=3
ids-consumer  | 2026-04-24T12:25:05.604249965Z 2026-04-24 15:25:05,604 INFO Batch #722: 1 flows | 7ms (151 fl/s) temp=0ms rules=1
ids-consumer  | 2026-04-24T12:25:05.604268177Z 2026-04-24 15:25:05,604 INFO ── STATS ──────────────────────────────────────────
ids-consumer  | 2026-04-24T12:25:05.604272023Z 2026-04-24 15:25:05,604 INFO   Layers:     XGBoost (temporal) + Rules
ids-consumer  | 2026-04-24T12:25:05.604289248Z 2026-04-24 15:25:05,604 INFO   Throughput: 0 flows/sec
ids-consumer  | 2026-04-24T12:25:05.604305309Z 2026-04-24 15:25:05,604 INFO   Total:      67 flows in 186s
ids-consumer  | 2026-04-24T12:25:05.604310050Z [92m    BENIGN                             38[0m
ids-consumer  | 2026-04-24T12:25:05.604311734Z [91m  * SSH-BruteForce-Rule                29[0m
ids-consumer  | 2026-04-24T12:25:05.604344255Z 2026-04-24 15:25:05,604 INFO   Active attacks: 1
ids-consumer  | 2026-04-24T12:25:05.604411542Z 2026-04-24 15:25:05,604 INFO ───────────────────────────────────────────────────
ids-consumer  | 2026-04-24T12:25:06.640836407Z 2026-04-24 15:25:06,640 INFO Batch #723: 2 flows | 8ms (260 fl/s) temp=0ms rules=2
ids-consumer  | 2026-04-24T12:25:09.643142580Z 2026-04-24 15:25:09,642 INFO Batch #724: 1 flows | 8ms (125 fl/s) temp=0ms rules=1
ids-consumer  | 2026-04-24T12:25:59.565974204Z [38;5;208m2026-04-24 15:25:59 [END] [Rule] SSH-BruteForce-Rule    src=10.0.1.10        duration=48s flows=32 conf=avg:0.95/max:0.95[0m
ids-consumer  | 2026-04-24T12:25:59.566002480Z [96m2026-04-24 15:25:59 [SPAN] src=10.0.1.10        wall_clock=98s total_flows=32 labels=[SSH-BruteForce-Rule][0m
ids-consumer  | 2026-04-24T12:25:59.566008225Z 2026-04-24 15:25:59,565 INFO Batch #725: 1 flows | 8ms (124 fl/s) temp=0ms
ids-consumer  | 2026-04-24T12:25:59.566010660Z 2026-04-24 15:25:59,565 INFO ── STATS ──────────────────────────────────────────
ids-consumer  | 2026-04-24T12:25:59.566067108Z 2026-04-24 15:25:59,565 INFO   Layers:     XGBoost (temporal) + Rules
ids-consumer  | 2026-04-24T12:25:59.566081870Z 2026-04-24 15:25:59,565 INFO   Throughput: 0 flows/sec
ids-consumer  | 2026-04-24T12:25:59.566087205Z 2026-04-24 15:25:59,565 INFO   Total:      71 flows in 240s
ids-consumer  | 2026-04-24T12:25:59.566091032Z [92m    BENIGN                             39[0m
ids-consumer  | 2026-04-24T12:25:59.566094804Z [91m  * SSH-BruteForce-Rule                32[0m
ids-consumer  | 2026-04-24T12:25:59.566156535Z 2026-04-24 15:25:59,566 INFO ───────────────────────────────────────────────────
ids-consumer  | 2026-04-24T12:26:05.198534422Z WARNING: Using incubator modules: jdk.incubator.vector
ids-consumer  | 2026-04-24T12:26:05.744614962Z Using Spark's default log4j profile: org/apache/spark/log4j2-defaults.properties
ids-consumer  | 2026-04-24T12:26:05.762120452Z 26/04/24 15:26:05 WARN Utils: Your hostname, usrv01, resolves to a loopback address: 127.0.1.1; using 192.168.88.200 instead (on interface eno1)
ids-consumer  | 2026-04-24T12:26:05.764157818Z 26/04/24 15:26:05 WARN Utils: Set SPARK_LOCAL_IP if you need to bind to another address
ids-consumer  | 2026-04-24T12:26:06.782777317Z /usr/local/lib/python3.10/dist-packages/sklearn/base.py:442: InconsistentVersionWarning: Trying to unpickle estimator LabelEncoder from version 1.8.0 when using version 1.7.2. This might lead to breaking code or invalid results. Use at your own risk. For more info please refer to:
ids-consumer  | 2026-04-24T12:26:06.782794528Z https://scikit-learn.org/stable/model_persistence.html#security-maintainability-limitations
ids-consumer  | 2026-04-24T12:26:06.782796185Z   warnings.warn(
ids-consumer  | 2026-04-24T12:26:06.782797287Z 2026-04-24 15:26:06,782 INFO XGBoost loaded | classes=['BENIGN', 'Bot', 'DDOS-HOIC', 'DoS-GoldenEye', 'DoS-Hulk', 'DoS-SlowHTTPTest', 'DoS-Slowloris', 'FTP-BruteForce', 'SSH-Bruteforce'] | features=17
ids-consumer  | 2026-04-24T12:26:18.842352314Z 2026-04-24 15:26:18,842 INFO Temporal features enabled (window=60.0s, 17 features)
ids-consumer  | 2026-04-24T12:26:18.843206009Z 2026-04-24 15:26:18,843 INFO Rule engine enabled
ids-consumer  | 2026-04-24T12:26:19.188771281Z Using Spark's default log4j profile: org/apache/spark/log4j2-defaults.properties
ids-consumer  | 2026-04-24T12:26:19.191028021Z 26/04/24 15:26:19 INFO SparkContext: Running Spark version 4.1.1
ids-consumer  | 2026-04-24T12:26:19.191334632Z 26/04/24 15:26:19 INFO SparkContext: OS info Linux, 6.17.0-22-generic, amd64
ids-consumer  | 2026-04-24T12:26:19.191519808Z 26/04/24 15:26:19 INFO SparkContext: Java version 21.0.10+7-LTS
ids-consumer  | 2026-04-24T12:26:19.238117443Z 26/04/24 15:26:19 WARN NativeCodeLoader: Unable to load native-hadoop library for your platform... using builtin-java classes where applicable
ids-consumer  | 2026-04-24T12:26:19.265494783Z 26/04/24 15:26:19 INFO ResourceUtils: ==============================================================
ids-consumer  | 2026-04-24T12:26:19.265725147Z 26/04/24 15:26:19 INFO ResourceUtils: No custom resources configured for spark.driver.
ids-consumer  | 2026-04-24T12:26:19.265905439Z 26/04/24 15:26:19 INFO ResourceUtils: ==============================================================
ids-consumer  | 2026-04-24T12:26:19.266122684Z 26/04/24 15:26:19 INFO SparkContext: Submitted application: zeek-ids
ids-consumer  | 2026-04-24T12:26:19.292756769Z 26/04/24 15:26:19 INFO SecurityManager: Changing view acls to: spark
ids-consumer  | 2026-04-24T12:26:19.292964274Z 26/04/24 15:26:19 INFO SecurityManager: Changing modify acls to: spark
ids-consumer  | 2026-04-24T12:26:19.293172526Z 26/04/24 15:26:19 INFO SecurityManager: Changing view acls groups to: spark
ids-consumer  | 2026-04-24T12:26:19.293382797Z 26/04/24 15:26:19 INFO SecurityManager: Changing modify acls groups to: spark
ids-consumer  | 2026-04-24T12:26:19.293681138Z 26/04/24 15:26:19 INFO SecurityManager: SecurityManager: authentication disabled; ui acls disabled; users with view permissions: spark groups with view permissions: EMPTY; users with modify permissions: spark; groups with modify permissions: EMPTY; RPC SSL disabled
ids-consumer  | 2026-04-24T12:26:19.424300971Z 26/04/24 15:26:19 INFO Utils: Successfully started service 'sparkDriver' on port 35273.
ids-consumer  | 2026-04-24T12:26:19.439112564Z 26/04/24 15:26:19 INFO SparkEnv: Registering MapOutputTracker
ids-consumer  | 2026-04-24T12:26:19.446695005Z 26/04/24 15:26:19 INFO SparkEnv: Registering BlockManagerMaster
ids-consumer  | 2026-04-24T12:26:19.456788357Z 26/04/24 15:26:19 INFO BlockManagerMasterEndpoint: Using org.apache.spark.storage.DefaultTopologyMapper for getting topology information
ids-consumer  | 2026-04-24T12:26:19.457137829Z 26/04/24 15:26:19 INFO BlockManagerMasterEndpoint: BlockManagerMasterEndpoint up
ids-consumer  | 2026-04-24T12:26:19.458741324Z 26/04/24 15:26:19 INFO SparkEnv: Registering BlockManagerMasterHeartbeat
ids-consumer  | 2026-04-24T12:26:19.471098108Z 26/04/24 15:26:19 INFO DiskBlockManager: Created local directory at /tmp/blockmgr-71f169d3-0842-485e-b069-886cd57df40e
ids-consumer  | 2026-04-24T12:26:19.482476076Z 26/04/24 15:26:19 INFO SparkEnv: Registering OutputCommitCoordinator
ids-consumer  | 2026-04-24T12:26:19.543252162Z 26/04/24 15:26:19 INFO JettyUtils: Start Jetty 0.0.0.0:4040 for SparkUI
ids-consumer  | 2026-04-24T12:26:19.587584030Z 26/04/24 15:26:19 INFO Utils: Successfully started service 'SparkUI' on port 4040.
ids-consumer  | 2026-04-24T12:26:19.618462024Z 26/04/24 15:26:19 INFO ResourceProfile: Default ResourceProfile created, executor resources: Map(cores -> name: cores, amount: 1, script: , vendor: , memory -> name: memory, amount: 1024, script: , vendor: , offHeap -> name: offHeap, amount: 0, script: , vendor: ), task resources: Map(cpus -> name: cpus, amount: 1.0)
ids-consumer  | 2026-04-24T12:26:19.619349870Z 26/04/24 15:26:19 INFO ResourceProfile: Limiting resource is cpu
ids-consumer  | 2026-04-24T12:26:19.619603500Z 26/04/24 15:26:19 INFO ResourceProfileManager: Added ResourceProfile id: 0
ids-consumer  | 2026-04-24T12:26:19.625530501Z 26/04/24 15:26:19 INFO SecurityManager: Changing view acls to: spark
ids-consumer  | 2026-04-24T12:26:19.625565477Z 26/04/24 15:26:19 INFO SecurityManager: Changing modify acls to: spark
ids-consumer  | 2026-04-24T12:26:19.625658691Z 26/04/24 15:26:19 INFO SecurityManager: Changing view acls groups to: spark
ids-consumer  | 2026-04-24T12:26:19.625693906Z 26/04/24 15:26:19 INFO SecurityManager: Changing modify acls groups to: spark
ids-consumer  | 2026-04-24T12:26:19.625852004Z 26/04/24 15:26:19 INFO SecurityManager: SecurityManager: authentication disabled; ui acls disabled; users with view permissions: spark groups with view permissions: EMPTY; users with modify permissions: spark; groups with modify permissions: EMPTY; RPC SSL disabled
ids-consumer  | 2026-04-24T12:26:19.703455577Z 26/04/24 15:26:19 INFO Executor: Starting executor ID driver on host 192.168.88.200
ids-consumer  | 2026-04-24T12:26:19.703615300Z 26/04/24 15:26:19 INFO Executor: OS info Linux, 6.17.0-22-generic, amd64
ids-consumer  | 2026-04-24T12:26:19.703829399Z 26/04/24 15:26:19 INFO Executor: Java version 21.0.10+7-LTS
ids-consumer  | 2026-04-24T12:26:19.707132431Z 26/04/24 15:26:19 INFO Executor: Starting executor with user classpath (userClassPathFirst = false): ''
ids-consumer  | 2026-04-24T12:26:19.707510310Z 26/04/24 15:26:19 INFO Executor: Created or updated repl class loader org.apache.spark.util.MutableURLClassLoader@64af7d74 for default.
ids-consumer  | 2026-04-24T12:26:19.717376779Z 26/04/24 15:26:19 INFO Utils: Successfully started service 'org.apache.spark.network.netty.NettyBlockTransferService' on port 40745.
ids-consumer  | 2026-04-24T12:26:19.721669764Z 26/04/24 15:26:19 INFO NettyBlockTransferService: Server created on 192.168.88.200:40745
ids-consumer  | 2026-04-24T12:26:19.722646150Z 26/04/24 15:26:19 INFO BlockManager: Using org.apache.spark.storage.RandomBlockReplicationPolicy for block replication policy
ids-consumer  | 2026-04-24T12:26:19.731706221Z 26/04/24 15:26:19 INFO BlockManagerMaster: Registering BlockManager BlockManagerId(driver, 192.168.88.200, 40745, None)
ids-consumer  | 2026-04-24T12:26:19.734528079Z 26/04/24 15:26:19 INFO BlockManagerMasterEndpoint: Registering block manager 192.168.88.200:40745 with 4.6 GiB RAM, BlockManagerId(driver, 192.168.88.200, 40745, None)
ids-consumer  | 2026-04-24T12:26:19.736026843Z 26/04/24 15:26:19 INFO BlockManagerMaster: Registered BlockManager BlockManagerId(driver, 192.168.88.200, 40745, None)
ids-consumer  | 2026-04-24T12:26:19.736717446Z 26/04/24 15:26:19 INFO BlockManager: Initialized BlockManager: BlockManagerId(driver, 192.168.88.200, 40745, None)
ids-consumer  | 2026-04-24T12:26:20.930413141Z 2026-04-24 15:26:20,930 INFO Spark 4.1.1 started
ids-consumer  | 2026-04-24T12:26:21.750283638Z 26/04/24 15:26:21 WARN ResolveWriteToStream: spark.sql.adaptive.enabled is not supported in streaming DataFrames/Datasets and will be disabled.
ids-consumer  | 2026-04-24T12:26:21.846511695Z 2026-04-24 15:26:21,846 INFO Listening for Zeek flows...
ids-consumer  | 2026-04-24T12:26:56.416665689Z 2026-04-24 15:26:56,416 INFO Batch #726: 2 flows | 9ms (230 fl/s) temp=0ms
ids-consumer  | 2026-04-24T12:26:56.416698335Z 2026-04-24 15:26:56,416 INFO ── STATS ──────────────────────────────────────────
ids-consumer  | 2026-04-24T12:26:56.416702757Z 2026-04-24 15:26:56,416 INFO   Layers:     XGBoost (temporal) + Rules
ids-consumer  | 2026-04-24T12:26:56.416705137Z 2026-04-24 15:26:56,416 INFO   Throughput: 0 flows/sec
ids-consumer  | 2026-04-24T12:26:56.416707586Z 2026-04-24 15:26:56,416 INFO   Total:      2 flows in 38s
ids-consumer  | 2026-04-24T12:26:56.416709989Z [92m    BENIGN                              2[0m
ids-consumer  | 2026-04-24T12:26:56.416712898Z 2026-04-24 15:26:56,416 INFO ───────────────────────────────────────────────────
ids-consumer  | 2026-04-24T12:26:56.444074397Z 26/04/24 15:26:56 WARN ProcessingTimeExecutor: Current batch is falling behind. The trigger interval is 1000 milliseconds, but spent 1442 milliseconds
ids-consumer  | 2026-04-24T12:26:57.055763924Z 2026-04-24 15:26:57,055 INFO Batch #727: 14 flows | 10ms (1,455 fl/s) temp=1ms
ids-consumer  | 2026-04-24T12:27:02.588638827Z 2026-04-24 15:27:02,588 INFO Batch #728: 1 flows | 6ms (174 fl/s) temp=0ms
ids-consumer  | 2026-04-24T12:27:07.607589122Z 2026-04-24 15:27:07,607 INFO Batch #729: 1 flows | 7ms (141 fl/s) temp=0ms
ids-consumer  | 2026-04-24T12:27:07.607613934Z 2026-04-24 15:27:07,607 INFO ── STATS ──────────────────────────────────────────
ids-consumer  | 2026-04-24T12:27:07.607617291Z 2026-04-24 15:27:07,607 INFO   Layers:     XGBoost (temporal) + Rules
ids-consumer  | 2026-04-24T12:27:07.607629018Z 2026-04-24 15:27:07,607 INFO   Throughput: 0 flows/sec
ids-consumer  | 2026-04-24T12:27:07.607633645Z 2026-04-24 15:27:07,607 INFO   Total:      18 flows in 49s
ids-consumer  | 2026-04-24T12:27:07.607634754Z [92m    BENIGN                             18[0m
ids-consumer  | 2026-04-24T12:27:07.607636028Z 2026-04-24 15:27:07,607 INFO ───────────────────────────────────────────────────
ids-consumer  | 2026-04-24T12:27:08.638814757Z [91m2026-04-24 15:27:08 [NEW] [Rule] FTP-BruteForce-Rule    src=10.0.1.10        → 10.0.1.20:21 conf=0.95[0m
ids-consumer  | 2026-04-24T12:27:08.638833705Z 2026-04-24 15:27:08,638 INFO Batch #730: 15 flows | 9ms (1,707 fl/s) temp=0ms rules=3
ids-consumer  | 2026-04-24T12:27:19.576552428Z 2026-04-24 15:27:19,576 INFO Batch #731: 16 flows | 8ms (1,985 fl/s) temp=1ms rules=16
ids-consumer  | 2026-04-24T12:27:19.576572401Z 2026-04-24 15:27:19,576 INFO ── STATS ──────────────────────────────────────────
ids-consumer  | 2026-04-24T12:27:19.576575985Z 2026-04-24 15:27:19,576 INFO   Layers:     XGBoost (temporal) + Rules
ids-consumer  | 2026-04-24T12:27:19.576578789Z 2026-04-24 15:27:19,576 INFO   Throughput: 1 flows/sec
ids-consumer  | 2026-04-24T12:27:19.576642349Z 2026-04-24 15:27:19,576 INFO   Total:      49 flows in 61s
ids-consumer  | 2026-04-24T12:27:19.576648160Z [92m    BENIGN                             30[0m
ids-consumer  | 2026-04-24T12:27:19.576650792Z [91m  * FTP-BruteForce-Rule                19[0m
ids-consumer  | 2026-04-24T12:27:19.576653222Z 2026-04-24 15:27:19,576 INFO   Active attacks: 1
ids-consumer  | 2026-04-24T12:27:19.576654994Z 2026-04-24 15:27:19,576 INFO ───────────────────────────────────────────────────
ids-consumer  | 2026-04-24T12:27:31.639476424Z 2026-04-24 15:27:31,639 INFO Batch #732: 1 flows | 7ms (147 fl/s) temp=0ms rules=1
ids-consumer  | 2026-04-24T12:27:31.639497329Z 2026-04-24 15:27:31,639 INFO ── STATS ──────────────────────────────────────────
ids-consumer  | 2026-04-24T12:27:31.639500339Z 2026-04-24 15:27:31,639 INFO   Layers:     XGBoost (temporal) + Rules
ids-consumer  | 2026-04-24T12:27:31.639502017Z 2026-04-24 15:27:31,639 INFO   Throughput: 1 flows/sec
ids-consumer  | 2026-04-24T12:27:31.639514856Z 2026-04-24 15:27:31,639 INFO   Total:      50 flows in 73s
ids-consumer  | 2026-04-24T12:27:31.639522552Z [92m    BENIGN                             30[0m
ids-consumer  | 2026-04-24T12:27:31.639524713Z [91m  * FTP-BruteForce-Rule                20[0m
ids-consumer  | 2026-04-24T12:27:31.639526217Z 2026-04-24 15:27:31,639 INFO   Active attacks: 1
ids-consumer  | 2026-04-24T12:27:31.639527695Z 2026-04-24 15:27:31,639 INFO ───────────────────────────────────────────────────
ids-consumer  | 2026-04-24T12:27:33.580925137Z 2026-04-24 15:27:33,580 INFO Batch #733: 15 flows | 8ms (1,870 fl/s) temp=0ms rules=15
ids-consumer  | 2026-04-24T12:27:42.623965413Z 2026-04-24 15:27:42,623 INFO Batch #734: 1 flows | 7ms (146 fl/s) temp=0ms rules=1
ids-consumer  | 2026-04-24T12:27:42.623992882Z 2026-04-24 15:27:42,623 INFO ── STATS ──────────────────────────────────────────
ids-consumer  | 2026-04-24T12:27:42.623995518Z 2026-04-24 15:27:42,623 INFO   Layers:     XGBoost (temporal) + Rules
ids-consumer  | 2026-04-24T12:27:42.624009267Z 2026-04-24 15:27:42,623 INFO   Throughput: 1 flows/sec
ids-consumer  | 2026-04-24T12:27:42.624014441Z 2026-04-24 15:27:42,623 INFO   Total:      66 flows in 84s
ids-consumer  | 2026-04-24T12:27:42.624015749Z [91m  * FTP-BruteForce-Rule                36[0m
ids-consumer  | 2026-04-24T12:27:42.624017043Z [92m    BENIGN                             30[0m
ids-consumer  | 2026-04-24T12:27:42.624018080Z 2026-04-24 15:27:42,623 INFO   Active attacks: 1
ids-consumer  | 2026-04-24T12:27:42.624019170Z 2026-04-24 15:27:42,623 INFO ───────────────────────────────────────────────────
ids-consumer  | 2026-04-24T12:27:43.564326829Z 2026-04-24 15:27:43,564 INFO Batch #735: 1 flows | 6ms (173 fl/s) temp=0ms
ids-consumer  | 2026-04-24T12:27:45.657314060Z 2026-04-24 15:27:45,657 INFO Batch #736: 15 flows | 8ms (1,866 fl/s) temp=0ms rules=15
ids-consumer  | 2026-04-24T12:27:49.593247075Z 2026-04-24 15:27:49,593 INFO Batch #737: 10 flows | 8ms (1,298 fl/s) temp=0ms rules=10
ids-consumer  | 2026-04-24T12:27:51.594136816Z 2026-04-24 15:27:51,593 INFO Batch #738: 1 flows | 7ms (147 fl/s) temp=0ms rules=1
ids-consumer  | 2026-04-24T12:27:53.569709641Z 2026-04-24 15:27:53,569 INFO Batch #739: 5 flows | 7ms (681 fl/s) temp=0ms rules=5
ids-consumer  | 2026-04-24T12:27:53.569736994Z 2026-04-24 15:27:53,569 INFO ── STATS ──────────────────────────────────────────
ids-consumer  | 2026-04-24T12:27:53.569740899Z 2026-04-24 15:27:53,569 INFO   Layers:     XGBoost (temporal) + Rules
ids-consumer  | 2026-04-24T12:27:53.569742230Z 2026-04-24 15:27:53,569 INFO   Throughput: 1 flows/sec
ids-consumer  | 2026-04-24T12:27:53.569754831Z 2026-04-24 15:27:53,569 INFO   Total:      98 flows in 95s
ids-consumer  | 2026-04-24T12:27:53.569761147Z [91m  * FTP-BruteForce-Rule                67[0m
ids-consumer  | 2026-04-24T12:27:53.569763137Z [92m    BENIGN                             31[0m
ids-consumer  | 2026-04-24T12:27:53.569764606Z 2026-04-24 15:27:53,569 INFO   Active attacks: 1
ids-consumer  | 2026-04-24T12:27:53.569766009Z 2026-04-24 15:27:53,569 INFO ───────────────────────────────────────────────────
ids-consumer  | 2026-04-24T12:28:08.600259460Z 2026-04-24 15:28:08,600 INFO Batch #740: 1 flows | 24ms (41 fl/s) temp=0ms
ids-consumer  | 2026-04-24T12:28:08.600287714Z 2026-04-24 15:28:08,600 INFO ── STATS ──────────────────────────────────────────
ids-consumer  | 2026-04-24T12:28:08.600293326Z 2026-04-24 15:28:08,600 INFO   Layers:     XGBoost (temporal) + Rules
ids-consumer  | 2026-04-24T12:28:08.600296098Z 2026-04-24 15:28:08,600 INFO   Throughput: 1 flows/sec
ids-consumer  | 2026-04-24T12:28:08.600322913Z 2026-04-24 15:28:08,600 INFO   Total:      99 flows in 110s
ids-consumer  | 2026-04-24T12:28:08.600349566Z [91m  * FTP-BruteForce-Rule                67[0m
ids-consumer  | 2026-04-24T12:28:08.600353202Z [92m    BENIGN                             32[0m
ids-consumer  | 2026-04-24T12:28:08.600368491Z 2026-04-24 15:28:08,600 INFO   Active attacks: 1
ids-consumer  | 2026-04-24T12:28:08.600399435Z 2026-04-24 15:28:08,600 INFO ───────────────────────────────────────────────────
ids-consumer  | 2026-04-24T12:29:11.608479349Z [38;5;208m2026-04-24 15:29:11 [END] [Rule] FTP-BruteForce-Rule    src=10.0.1.10        duration=45s flows=67 conf=avg:0.95/max:0.95[0m
ids-consumer  | 2026-04-24T12:29:11.608519348Z [96m2026-04-24 15:29:11 [SPAN] src=10.0.1.10        wall_clock=123s total_flows=67 labels=[FTP-BruteForce-Rule][0m
ids-consumer  | 2026-04-24T12:29:11.608529175Z 2026-04-24 15:29:11,608 INFO Batch #741: 1 flows | 24ms (41 fl/s) temp=0ms
ids-consumer  | 2026-04-24T12:29:11.608535769Z 2026-04-24 15:29:11,608 INFO ── STATS ──────────────────────────────────────────
ids-consumer  | 2026-04-24T12:29:11.608546672Z 2026-04-24 15:29:11,608 INFO   Layers:     XGBoost (temporal) + Rules
ids-consumer  | 2026-04-24T12:29:11.608586051Z 2026-04-24 15:29:11,608 INFO   Throughput: 1 flows/sec
ids-consumer  | 2026-04-24T12:29:11.608630121Z 2026-04-24 15:29:11,608 INFO   Total:      100 flows in 173s
ids-consumer  | 2026-04-24T12:29:11.608653367Z [91m  * FTP-BruteForce-Rule                67[0m
ids-consumer  | 2026-04-24T12:29:11.608662474Z [92m    BENIGN                             33[0m
ids-consumer  | 2026-04-24T12:29:11.608721294Z 2026-04-24 15:29:11,608 INFO ───────────────────────────────────────────────────
ids-consumer  | 2026-04-24T12:29:17.569712847Z 2026-04-24 15:29:17,569 INFO Batch #742: 1 flows | 6ms (179 fl/s) temp=0ms
ids-consumer  | 2026-04-24T12:29:31.304327974Z WARNING: Using incubator modules: jdk.incubator.vector
ids-consumer  | 2026-04-24T12:29:31.816182163Z Using Spark's default log4j profile: org/apache/spark/log4j2-defaults.properties
ids-consumer  | 2026-04-24T12:29:31.833467527Z 26/04/24 15:29:31 WARN Utils: Your hostname, usrv01, resolves to a loopback address: 127.0.1.1; using 192.168.88.200 instead (on interface eno1)
ids-consumer  | 2026-04-24T12:29:31.835393179Z 26/04/24 15:29:31 WARN Utils: Set SPARK_LOCAL_IP if you need to bind to another address
ids-consumer  | 2026-04-24T12:29:32.848451167Z /usr/local/lib/python3.10/dist-packages/sklearn/base.py:442: InconsistentVersionWarning: Trying to unpickle estimator LabelEncoder from version 1.8.0 when using version 1.7.2. This might lead to breaking code or invalid results. Use at your own risk. For more info please refer to:
ids-consumer  | 2026-04-24T12:29:32.848469682Z https://scikit-learn.org/stable/model_persistence.html#security-maintainability-limitations
ids-consumer  | 2026-04-24T12:29:32.848471713Z   warnings.warn(
ids-consumer  | 2026-04-24T12:29:32.848542304Z 2026-04-24 15:29:32,848 INFO XGBoost loaded | classes=['BENIGN', 'Bot', 'DDOS-HOIC', 'DoS-GoldenEye', 'DoS-Hulk', 'DoS-SlowHTTPTest', 'DoS-Slowloris', 'FTP-BruteForce', 'SSH-Bruteforce'] | features=17
ids-consumer  | 2026-04-24T12:29:44.658213260Z 2026-04-24 15:29:44,657 INFO Temporal features enabled (window=60.0s, 17 features)
ids-consumer  | 2026-04-24T12:29:44.659001793Z 2026-04-24 15:29:44,658 INFO Rule engine enabled
ids-consumer  | 2026-04-24T12:29:45.004094129Z Using Spark's default log4j profile: org/apache/spark/log4j2-defaults.properties
ids-consumer  | 2026-04-24T12:29:45.006436338Z 26/04/24 15:29:45 INFO SparkContext: Running Spark version 4.1.1
ids-consumer  | 2026-04-24T12:29:45.006716739Z 26/04/24 15:29:45 INFO SparkContext: OS info Linux, 6.17.0-22-generic, amd64
ids-consumer  | 2026-04-24T12:29:45.006910968Z 26/04/24 15:29:45 INFO SparkContext: Java version 21.0.10+7-LTS
ids-consumer  | 2026-04-24T12:29:45.053777042Z 26/04/24 15:29:45 WARN NativeCodeLoader: Unable to load native-hadoop library for your platform... using builtin-java classes where applicable
ids-consumer  | 2026-04-24T12:29:45.081160590Z 26/04/24 15:29:45 INFO ResourceUtils: ==============================================================
ids-consumer  | 2026-04-24T12:29:45.081283262Z 26/04/24 15:29:45 INFO ResourceUtils: No custom resources configured for spark.driver.
ids-consumer  | 2026-04-24T12:29:45.081455963Z 26/04/24 15:29:45 INFO ResourceUtils: ==============================================================
ids-consumer  | 2026-04-24T12:29:45.081663159Z 26/04/24 15:29:45 INFO SparkContext: Submitted application: zeek-ids
ids-consumer  | 2026-04-24T12:29:45.108567155Z 26/04/24 15:29:45 INFO SecurityManager: Changing view acls to: spark
ids-consumer  | 2026-04-24T12:29:45.108750524Z 26/04/24 15:29:45 INFO SecurityManager: Changing modify acls to: spark
ids-consumer  | 2026-04-24T12:29:45.108991859Z 26/04/24 15:29:45 INFO SecurityManager: Changing view acls groups to: spark
ids-consumer  | 2026-04-24T12:29:45.109195543Z 26/04/24 15:29:45 INFO SecurityManager: Changing modify acls groups to: spark
ids-consumer  | 2026-04-24T12:29:45.109509330Z 26/04/24 15:29:45 INFO SecurityManager: SecurityManager: authentication disabled; ui acls disabled; users with view permissions: spark groups with view permissions: EMPTY; users with modify permissions: spark; groups with modify permissions: EMPTY; RPC SSL disabled
ids-consumer  | 2026-04-24T12:29:45.247449313Z 26/04/24 15:29:45 INFO Utils: Successfully started service 'sparkDriver' on port 40525.
ids-consumer  | 2026-04-24T12:29:45.262108411Z 26/04/24 15:29:45 INFO SparkEnv: Registering MapOutputTracker
ids-consumer  | 2026-04-24T12:29:45.269632381Z 26/04/24 15:29:45 INFO SparkEnv: Registering BlockManagerMaster
ids-consumer  | 2026-04-24T12:29:45.279772954Z 26/04/24 15:29:45 INFO BlockManagerMasterEndpoint: Using org.apache.spark.storage.DefaultTopologyMapper for getting topology information
ids-consumer  | 2026-04-24T12:29:45.280051883Z 26/04/24 15:29:45 INFO BlockManagerMasterEndpoint: BlockManagerMasterEndpoint up
ids-consumer  | 2026-04-24T12:29:45.281529590Z 26/04/24 15:29:45 INFO SparkEnv: Registering BlockManagerMasterHeartbeat
ids-consumer  | 2026-04-24T12:29:45.294138883Z 26/04/24 15:29:45 INFO DiskBlockManager: Created local directory at /tmp/blockmgr-d925d7d7-d9d9-4886-bca7-dda21e5a7f42
ids-consumer  | 2026-04-24T12:29:45.305265608Z 26/04/24 15:29:45 INFO SparkEnv: Registering OutputCommitCoordinator
ids-consumer  | 2026-04-24T12:29:45.366852066Z 26/04/24 15:29:45 INFO JettyUtils: Start Jetty 0.0.0.0:4040 for SparkUI
ids-consumer  | 2026-04-24T12:29:45.411519171Z 26/04/24 15:29:45 INFO Utils: Successfully started service 'SparkUI' on port 4040.
ids-consumer  | 2026-04-24T12:29:45.442876182Z 26/04/24 15:29:45 INFO ResourceProfile: Default ResourceProfile created, executor resources: Map(cores -> name: cores, amount: 1, script: , vendor: , memory -> name: memory, amount: 1024, script: , vendor: , offHeap -> name: offHeap, amount: 0, script: , vendor: ), task resources: Map(cpus -> name: cpus, amount: 1.0)
ids-consumer  | 2026-04-24T12:29:45.443748059Z 26/04/24 15:29:45 INFO ResourceProfile: Limiting resource is cpu
ids-consumer  | 2026-04-24T12:29:45.444043675Z 26/04/24 15:29:45 INFO ResourceProfileManager: Added ResourceProfile id: 0
ids-consumer  | 2026-04-24T12:29:45.449893467Z 26/04/24 15:29:45 INFO SecurityManager: Changing view acls to: spark
ids-consumer  | 2026-04-24T12:29:45.449971247Z 26/04/24 15:29:45 INFO SecurityManager: Changing modify acls to: spark
ids-consumer  | 2026-04-24T12:29:45.450051245Z 26/04/24 15:29:45 INFO SecurityManager: Changing view acls groups to: spark
ids-consumer  | 2026-04-24T12:29:45.450135045Z 26/04/24 15:29:45 INFO SecurityManager: Changing modify acls groups to: spark
ids-consumer  | 2026-04-24T12:29:45.450210825Z 26/04/24 15:29:45 INFO SecurityManager: SecurityManager: authentication disabled; ui acls disabled; users with view permissions: spark groups with view permissions: EMPTY; users with modify permissions: spark; groups with modify permissions: EMPTY; RPC SSL disabled
ids-consumer  | 2026-04-24T12:29:45.529424957Z 26/04/24 15:29:45 INFO Executor: Starting executor ID driver on host 192.168.88.200
ids-consumer  | 2026-04-24T12:29:45.529633580Z 26/04/24 15:29:45 INFO Executor: OS info Linux, 6.17.0-22-generic, amd64
ids-consumer  | 2026-04-24T12:29:45.529845055Z 26/04/24 15:29:45 INFO Executor: Java version 21.0.10+7-LTS
ids-consumer  | 2026-04-24T12:29:45.533159532Z 26/04/24 15:29:45 INFO Executor: Starting executor with user classpath (userClassPathFirst = false): ''
ids-consumer  | 2026-04-24T12:29:45.533527462Z 26/04/24 15:29:45 INFO Executor: Created or updated repl class loader org.apache.spark.util.MutableURLClassLoader@64af7d74 for default.
ids-consumer  | 2026-04-24T12:29:45.543628081Z 26/04/24 15:29:45 INFO Utils: Successfully started service 'org.apache.spark.network.netty.NettyBlockTransferService' on port 36775.
ids-consumer  | 2026-04-24T12:29:45.548067347Z 26/04/24 15:29:45 INFO NettyBlockTransferService: Server created on 192.168.88.200:36775
ids-consumer  | 2026-04-24T12:29:45.549084205Z 26/04/24 15:29:45 INFO BlockManager: Using org.apache.spark.storage.RandomBlockReplicationPolicy for block replication policy
ids-consumer  | 2026-04-24T12:29:45.558076808Z 26/04/24 15:29:45 INFO BlockManagerMaster: Registering BlockManager BlockManagerId(driver, 192.168.88.200, 36775, None)
ids-consumer  | 2026-04-24T12:29:45.560922859Z 26/04/24 15:29:45 INFO BlockManagerMasterEndpoint: Registering block manager 192.168.88.200:36775 with 4.6 GiB RAM, BlockManagerId(driver, 192.168.88.200, 36775, None)
ids-consumer  | 2026-04-24T12:29:45.562356195Z 26/04/24 15:29:45 INFO BlockManagerMaster: Registered BlockManager BlockManagerId(driver, 192.168.88.200, 36775, None)
ids-consumer  | 2026-04-24T12:29:45.563012566Z 26/04/24 15:29:45 INFO BlockManager: Initialized BlockManager: BlockManagerId(driver, 192.168.88.200, 36775, None)
ids-consumer  | 2026-04-24T12:29:46.817495612Z 2026-04-24 15:29:46,817 INFO Spark 4.1.1 started
ids-consumer  | 2026-04-24T12:29:47.641771949Z 26/04/24 15:29:47 WARN ResolveWriteToStream: spark.sql.adaptive.enabled is not supported in streaming DataFrames/Datasets and will be disabled.
ids-consumer  | 2026-04-24T12:29:47.742921663Z 2026-04-24 15:29:47,742 INFO Listening for Zeek flows...
ids-consumer  | 2026-04-24T12:30:16.407572199Z 2026-04-24 15:30:16,407 INFO Batch #743: 1 flows | 7ms (150 fl/s) temp=0ms
ids-consumer  | 2026-04-24T12:30:16.407596455Z 2026-04-24 15:30:16,407 INFO ── STATS ──────────────────────────────────────────
ids-consumer  | 2026-04-24T12:30:16.407600383Z 2026-04-24 15:30:16,407 INFO   Layers:     XGBoost (temporal) + Rules
ids-consumer  | 2026-04-24T12:30:16.407602412Z 2026-04-24 15:30:16,407 INFO   Throughput: 0 flows/sec
ids-consumer  | 2026-04-24T12:30:16.407604450Z 2026-04-24 15:30:16,407 INFO   Total:      1 flows in 32s
ids-consumer  | 2026-04-24T12:30:16.407606164Z [92m    BENIGN                              1[0m
ids-consumer  | 2026-04-24T12:30:16.407610853Z 2026-04-24 15:30:16,407 INFO ───────────────────────────────────────────────────
ids-consumer  | 2026-04-24T12:30:16.436141910Z 26/04/24 15:30:16 WARN ProcessingTimeExecutor: Current batch is falling behind. The trigger interval is 1000 milliseconds, but spent 1434 milliseconds
ids-consumer  | 2026-04-24T12:31:19.590941867Z 2026-04-24 15:31:19,590 INFO Batch #744: 1 flows | 6ms (180 fl/s) temp=0ms
ids-consumer  | 2026-04-24T12:31:19.590969677Z 2026-04-24 15:31:19,590 INFO ── STATS ──────────────────────────────────────────
ids-consumer  | 2026-04-24T12:31:19.590973352Z 2026-04-24 15:31:19,590 INFO   Layers:     XGBoost (temporal) + Rules
ids-consumer  | 2026-04-24T12:31:19.590975030Z 2026-04-24 15:31:19,590 INFO   Throughput: 0 flows/sec
ids-consumer  | 2026-04-24T12:31:19.590979211Z 2026-04-24 15:31:19,590 INFO   Total:      2 flows in 95s
ids-consumer  | 2026-04-24T12:31:19.590980697Z [92m    BENIGN                              2[0m
ids-consumer  | 2026-04-24T12:31:19.590982317Z 2026-04-24 15:31:19,590 INFO ───────────────────────────────────────────────────
ids-consumer  | 2026-04-24T12:32:23.634966576Z 2026-04-24 15:32:23,634 INFO Batch #745: 1 flows | 6ms (168 fl/s) temp=0ms
ids-consumer  | 2026-04-24T12:32:23.634986283Z 2026-04-24 15:32:23,634 INFO ── STATS ──────────────────────────────────────────
ids-consumer  | 2026-04-24T12:32:23.634989010Z 2026-04-24 15:32:23,634 INFO   Layers:     XGBoost (temporal) + Rules
ids-consumer  | 2026-04-24T12:32:23.634990617Z 2026-04-24 15:32:23,634 INFO   Throughput: 0 flows/sec
ids-consumer  | 2026-04-24T12:32:23.634996826Z 2026-04-24 15:32:23,634 INFO   Total:      3 flows in 159s
ids-consumer  | 2026-04-24T12:32:23.634998329Z [92m    BENIGN                              3[0m
ids-consumer  | 2026-04-24T12:32:23.635000330Z 2026-04-24 15:32:23,634 INFO ───────────────────────────────────────────────────
ids-consumer  | 2026-04-24T12:33:27.613582819Z 2026-04-24 15:33:27,613 INFO Batch #746: 1 flows | 22ms (46 fl/s) temp=0ms
ids-consumer  | 2026-04-24T12:33:27.613622453Z 2026-04-24 15:33:27,613 INFO ── STATS ──────────────────────────────────────────
ids-consumer  | 2026-04-24T12:33:27.613643564Z 2026-04-24 15:33:27,613 INFO   Layers:     XGBoost (temporal) + Rules
ids-consumer  | 2026-04-24T12:33:27.613647508Z 2026-04-24 15:33:27,613 INFO   Throughput: 0 flows/sec
ids-consumer  | 2026-04-24T12:33:27.613650176Z 2026-04-24 15:33:27,613 INFO   Total:      4 flows in 223s
ids-consumer  | 2026-04-24T12:33:27.613654833Z [92m    BENIGN                              4[0m
ids-consumer  | 2026-04-24T12:33:27.613686861Z 2026-04-24 15:33:27,613 INFO ───────────────────────────────────────────────────
ids-consumer  | 2026-04-24T12:34:32.593169155Z 2026-04-24 15:34:32,592 INFO Batch #747: 1 flows | 6ms (179 fl/s) temp=0ms
ids-consumer  | 2026-04-24T12:34:32.593188725Z 2026-04-24 15:34:32,592 INFO ── STATS ──────────────────────────────────────────
ids-consumer  | 2026-04-24T12:34:32.593191253Z 2026-04-24 15:34:32,593 INFO   Layers:     XGBoost (temporal) + Rules
ids-consumer  | 2026-04-24T12:34:32.593193192Z 2026-04-24 15:34:32,593 INFO   Throughput: 0 flows/sec
ids-consumer  | 2026-04-24T12:34:32.593194741Z 2026-04-24 15:34:32,593 INFO   Total:      5 flows in 288s
ids-consumer  | 2026-04-24T12:34:32.593196239Z [92m    BENIGN                              5[0m
ids-consumer  | 2026-04-24T12:34:32.593197920Z 2026-04-24 15:34:32,593 INFO ───────────────────────────────────────────────────
ids-consumer  | 2026-04-24T12:35:04.586482548Z 2026-04-24 15:35:04,586 INFO Batch #748: 1 flows | 6ms (177 fl/s) temp=0ms
ids-consumer  | 2026-04-24T12:35:04.586503690Z 2026-04-24 15:35:04,586 INFO ── STATS ──────────────────────────────────────────
ids-consumer  | 2026-04-24T12:35:04.586506640Z 2026-04-24 15:35:04,586 INFO   Layers:     XGBoost (temporal) + Rules
ids-consumer  | 2026-04-24T12:35:04.586508412Z 2026-04-24 15:35:04,586 INFO   Throughput: 0 flows/sec
ids-consumer  | 2026-04-24T12:35:04.586542308Z 2026-04-24 15:35:04,586 INFO   Total:      6 flows in 320s
ids-consumer  | 2026-04-24T12:35:04.586546666Z [92m    BENIGN                              6[0m
ids-consumer  | 2026-04-24T12:35:04.586548583Z 2026-04-24 15:35:04,586 INFO ───────────────────────────────────────────────────
ids-consumer  | 2026-04-24T12:35:35.579539769Z 2026-04-24 15:35:35,579 INFO Batch #749: 1 flows | 6ms (176 fl/s) temp=0ms
ids-consumer  | 2026-04-24T12:35:35.579558787Z 2026-04-24 15:35:35,579 INFO ── STATS ──────────────────────────────────────────
ids-consumer  | 2026-04-24T12:35:35.579561677Z 2026-04-24 15:35:35,579 INFO   Layers:     XGBoost (temporal) + Rules
ids-consumer  | 2026-04-24T12:35:35.579563172Z 2026-04-24 15:35:35,579 INFO   Throughput: 0 flows/sec
ids-consumer  | 2026-04-24T12:35:35.579564528Z 2026-04-24 15:35:35,579 INFO   Total:      7 flows in 351s
ids-consumer  | 2026-04-24T12:35:35.579565895Z [92m    BENIGN                              7[0m
ids-consumer  | 2026-04-24T12:35:35.579574499Z 2026-04-24 15:35:35,579 INFO ───────────────────────────────────────────────────
ids-consumer  | 2026-04-24T12:36:40.628520342Z 2026-04-24 15:36:40,628 INFO Batch #750: 1 flows | 6ms (176 fl/s) temp=0ms
ids-consumer  | 2026-04-24T12:36:40.628539427Z 2026-04-24 15:36:40,628 INFO ── STATS ──────────────────────────────────────────
ids-consumer  | 2026-04-24T12:36:40.628541977Z 2026-04-24 15:36:40,628 INFO   Layers:     XGBoost (temporal) + Rules
ids-consumer  | 2026-04-24T12:36:40.628543565Z 2026-04-24 15:36:40,628 INFO   Throughput: 0 flows/sec
ids-consumer  | 2026-04-24T12:36:40.628557997Z 2026-04-24 15:36:40,628 INFO   Total:      8 flows in 416s
ids-consumer  | 2026-04-24T12:36:40.628565576Z [92m    BENIGN                              8[0m
ids-consumer  | 2026-04-24T12:36:40.628569141Z 2026-04-24 15:36:40,628 INFO ───────────────────────────────────────────────────
ids-consumer  | 2026-04-24T12:37:44.634729882Z 2026-04-24 15:37:44,634 INFO Batch #751: 1 flows | 6ms (162 fl/s) temp=0ms
ids-consumer  | 2026-04-24T12:37:44.634754876Z 2026-04-24 15:37:44,634 INFO ── STATS ──────────────────────────────────────────
ids-consumer  | 2026-04-24T12:37:44.634757659Z 2026-04-24 15:37:44,634 INFO   Layers:     XGBoost (temporal) + Rules
ids-consumer  | 2026-04-24T12:37:44.634759266Z 2026-04-24 15:37:44,634 INFO   Throughput: 0 flows/sec
ids-consumer  | 2026-04-24T12:37:44.634760672Z 2026-04-24 15:37:44,634 INFO   Total:      9 flows in 480s
ids-consumer  | 2026-04-24T12:37:44.634762064Z [92m    BENIGN                              9[0m
ids-consumer  | 2026-04-24T12:37:44.634763719Z 2026-04-24 15:37:44,634 INFO ───────────────────────────────────────────────────
ids-consumer  | 2026-04-24T12:38:48.621179791Z 2026-04-24 15:38:48,620 INFO Batch #752: 1 flows | 6ms (177 fl/s) temp=0ms
ids-consumer  | 2026-04-24T12:38:48.621199496Z 2026-04-24 15:38:48,621 INFO ── STATS ──────────────────────────────────────────
ids-consumer  | 2026-04-24T12:38:48.621206882Z 2026-04-24 15:38:48,621 INFO   Layers:     XGBoost (temporal) + Rules
ids-consumer  | 2026-04-24T12:38:48.621208925Z 2026-04-24 15:38:48,621 INFO   Throughput: 0 flows/sec
ids-consumer  | 2026-04-24T12:38:48.621210381Z 2026-04-24 15:38:48,621 INFO   Total:      10 flows in 544s
ids-consumer  | 2026-04-24T12:38:48.621211793Z [92m    BENIGN                             10[0m
ids-consumer  | 2026-04-24T12:38:48.621213416Z 2026-04-24 15:38:48,621 INFO ───────────────────────────────────────────────────
ids-consumer  | 2026-04-24T12:39:51.639093971Z 2026-04-24 15:39:51,638 INFO Batch #753: 1 flows | 6ms (174 fl/s) temp=0ms
ids-consumer  | 2026-04-24T12:39:51.639115815Z 2026-04-24 15:39:51,638 INFO ── STATS ──────────────────────────────────────────
ids-consumer  | 2026-04-24T12:39:51.639135903Z 2026-04-24 15:39:51,639 INFO   Layers:     XGBoost (temporal) + Rules
ids-consumer  | 2026-04-24T12:39:51.639137546Z 2026-04-24 15:39:51,639 INFO   Throughput: 0 flows/sec
ids-consumer  | 2026-04-24T12:39:51.639138659Z 2026-04-24 15:39:51,639 INFO   Total:      11 flows in 607s
ids-consumer  | 2026-04-24T12:39:51.639139773Z [92m    BENIGN                             11[0m
ids-consumer  | 2026-04-24T12:39:51.639142396Z 2026-04-24 15:39:51,639 INFO ───────────────────────────────────────────────────
ids-consumer  | 2026-04-24T12:40:56.584947466Z 2026-04-24 15:40:56,584 INFO Batch #754: 1 flows | 6ms (173 fl/s) temp=0ms
ids-consumer  | 2026-04-24T12:40:56.584969379Z 2026-04-24 15:40:56,584 INFO ── STATS ──────────────────────────────────────────
ids-consumer  | 2026-04-24T12:40:56.584972018Z 2026-04-24 15:40:56,584 INFO   Layers:     XGBoost (temporal) + Rules
ids-consumer  | 2026-04-24T12:40:56.584973568Z 2026-04-24 15:40:56,584 INFO   Throughput: 0 flows/sec
ids-consumer  | 2026-04-24T12:40:56.584997932Z 2026-04-24 15:40:56,584 INFO   Total:      12 flows in 672s
ids-consumer  | 2026-04-24T12:40:56.585005766Z [92m    BENIGN                             12[0m
ids-consumer  | 2026-04-24T12:40:56.585008148Z 2026-04-24 15:40:56,584 INFO ───────────────────────────────────────────────────
ids-consumer  | 2026-04-24T12:42:00.583970309Z 2026-04-24 15:42:00,583 INFO Batch #755: 1 flows | 7ms (154 fl/s) temp=0ms
ids-consumer  | 2026-04-24T12:42:00.583992441Z 2026-04-24 15:42:00,583 INFO ── STATS ──────────────────────────────────────────
ids-consumer  | 2026-04-24T12:42:00.583995227Z 2026-04-24 15:42:00,583 INFO   Layers:     XGBoost (temporal) + Rules
ids-consumer  | 2026-04-24T12:42:00.583996833Z 2026-04-24 15:42:00,583 INFO   Throughput: 0 flows/sec
ids-consumer  | 2026-04-24T12:42:00.584002368Z 2026-04-24 15:42:00,583 INFO   Total:      13 flows in 736s
ids-consumer  | 2026-04-24T12:42:00.584004107Z [92m    BENIGN                             13[0m
ids-consumer  | 2026-04-24T12:42:00.584005751Z 2026-04-24 15:42:00,583 INFO ───────────────────────────────────────────────────
ids-consumer  | 2026-04-24T12:43:05.618581125Z 2026-04-24 15:43:05,618 INFO Batch #756: 1 flows | 6ms (174 fl/s) temp=0ms
ids-consumer  | 2026-04-24T12:43:05.618603795Z 2026-04-24 15:43:05,618 INFO ── STATS ──────────────────────────────────────────
ids-consumer  | 2026-04-24T12:43:05.618606766Z 2026-04-24 15:43:05,618 INFO   Layers:     XGBoost (temporal) + Rules
ids-consumer  | 2026-04-24T12:43:05.618608358Z 2026-04-24 15:43:05,618 INFO   Throughput: 0 flows/sec
ids-consumer  | 2026-04-24T12:43:05.618621030Z 2026-04-24 15:43:05,618 INFO   Total:      14 flows in 801s
ids-consumer  | 2026-04-24T12:43:05.618630452Z [92m    BENIGN                             14[0m
ids-consumer  | 2026-04-24T12:43:05.618641461Z 2026-04-24 15:43:05,618 INFO ───────────────────────────────────────────────────
ids-consumer  | 2026-04-24T12:44:08.618752953Z 2026-04-24 15:44:08,618 INFO Batch #757: 1 flows | 5ms (186 fl/s) temp=0ms
ids-consumer  | 2026-04-24T12:44:08.618781067Z 2026-04-24 15:44:08,618 INFO ── STATS ──────────────────────────────────────────
ids-consumer  | 2026-04-24T12:44:08.618785912Z 2026-04-24 15:44:08,618 INFO   Layers:     XGBoost (temporal) + Rules
ids-consumer  | 2026-04-24T12:44:08.618790808Z 2026-04-24 15:44:08,618 INFO   Throughput: 0 flows/sec
ids-consumer  | 2026-04-24T12:44:08.618793647Z 2026-04-24 15:44:08,618 INFO   Total:      15 flows in 864s
ids-consumer  | 2026-04-24T12:44:08.618796922Z [92m    BENIGN                             15[0m
ids-consumer  | 2026-04-24T12:44:08.618825110Z 2026-04-24 15:44:08,618 INFO ───────────────────────────────────────────────────
ids-consumer  | 2026-04-24T12:45:11.584036754Z 2026-04-24 15:45:11,583 INFO Batch #758: 1 flows | 6ms (174 fl/s) temp=0ms
ids-consumer  | 2026-04-24T12:45:11.584058731Z 2026-04-24 15:45:11,583 INFO ── STATS ──────────────────────────────────────────
ids-consumer  | 2026-04-24T12:45:11.584061905Z 2026-04-24 15:45:11,583 INFO   Layers:     XGBoost (temporal) + Rules
ids-consumer  | 2026-04-24T12:45:11.584064613Z 2026-04-24 15:45:11,583 INFO   Throughput: 0 flows/sec
ids-consumer  | 2026-04-24T12:45:11.584077528Z 2026-04-24 15:45:11,583 INFO   Total:      16 flows in 927s
ids-consumer  | 2026-04-24T12:45:11.584084008Z [92m    BENIGN                             16[0m
ids-consumer  | 2026-04-24T12:45:11.584085891Z 2026-04-24 15:45:11,584 INFO ───────────────────────────────────────────────────
ids-consumer  | 2026-04-24T12:46:15.556869627Z 2026-04-24 15:46:15,556 INFO Batch #759: 1 flows | 6ms (180 fl/s) temp=0ms
ids-consumer  | 2026-04-24T12:46:15.556890999Z 2026-04-24 15:46:15,556 INFO ── STATS ──────────────────────────────────────────
ids-consumer  | 2026-04-24T12:46:15.556896116Z 2026-04-24 15:46:15,556 INFO   Layers:     XGBoost (temporal) + Rules
ids-consumer  | 2026-04-24T12:46:15.556899644Z 2026-04-24 15:46:15,556 INFO   Throughput: 0 flows/sec
ids-consumer  | 2026-04-24T12:46:15.556924251Z 2026-04-24 15:46:15,556 INFO   Total:      17 flows in 991s
ids-consumer  | 2026-04-24T12:46:15.556932663Z [92m    BENIGN                             17[0m
ids-consumer  | 2026-04-24T12:46:15.556960524Z 2026-04-24 15:46:15,556 INFO ───────────────────────────────────────────────────
ids-consumer  | 2026-04-24T12:47:19.635900085Z 2026-04-24 15:47:19,635 INFO Batch #760: 1 flows | 7ms (150 fl/s) temp=0ms
ids-consumer  | 2026-04-24T12:47:19.635919136Z 2026-04-24 15:47:19,635 INFO ── STATS ──────────────────────────────────────────
ids-consumer  | 2026-04-24T12:47:19.635928321Z 2026-04-24 15:47:19,635 INFO   Layers:     XGBoost (temporal) + Rules
ids-consumer  | 2026-04-24T12:47:19.635931077Z 2026-04-24 15:47:19,635 INFO   Throughput: 0 flows/sec
ids-consumer  | 2026-04-24T12:47:19.635932121Z 2026-04-24 15:47:19,635 INFO   Total:      18 flows in 1055s
ids-consumer  | 2026-04-24T12:47:19.635933138Z [92m    BENIGN                             18[0m
ids-consumer  | 2026-04-24T12:47:19.635952600Z 2026-04-24 15:47:19,635 INFO ───────────────────────────────────────────────────

[Kids-consumer exited with code 143 (restarting)
ids-consumer  | 2026-04-24T12:47:47.249622528Z WARNING: Using incubator modules: jdk.incubator.vector
ids-consumer  | 2026-04-24T12:47:47.768859321Z Using Spark's default log4j profile: org/apache/spark/log4j2-defaults.properties
ids-consumer  | 2026-04-24T12:47:47.786214401Z 26/04/24 15:47:47 WARN Utils: Your hostname, usrv01, resolves to a loopback address: 127.0.1.1; using 192.168.88.200 instead (on interface eno1)
ids-consumer  | 2026-04-24T12:47:47.788323908Z 26/04/24 15:47:47 WARN Utils: Set SPARK_LOCAL_IP if you need to bind to another address
ids-consumer  | 2026-04-24T12:47:48.818273978Z /usr/local/lib/python3.10/dist-packages/sklearn/base.py:442: InconsistentVersionWarning: Trying to unpickle estimator LabelEncoder from version 1.8.0 when using version 1.7.2. This might lead to breaking code or invalid results. Use at your own risk. For more info please refer to:
ids-consumer  | 2026-04-24T12:47:48.818296811Z https://scikit-learn.org/stable/model_persistence.html#security-maintainability-limitations
ids-consumer  | 2026-04-24T12:47:48.818299133Z   warnings.warn(
ids-consumer  | 2026-04-24T12:47:48.818373684Z 2026-04-24 15:47:48,818 INFO XGBoost loaded | classes=['BENIGN', 'Bot', 'DDOS-HOIC', 'DoS-GoldenEye', 'DoS-Hulk', 'DoS-SlowHTTPTest', 'DoS-Slowloris', 'FTP-BruteForce', 'SSH-Bruteforce'] | features=17
ids-consumer  | 2026-04-24T12:48:00.568324051Z 2026-04-24 15:48:00,568 INFO Temporal features enabled (window=60.0s, 17 features)
ids-consumer  | 2026-04-24T12:48:00.569137672Z 2026-04-24 15:48:00,568 INFO Rule engine enabled
ids-consumer  | 2026-04-24T12:48:00.922598383Z Using Spark's default log4j profile: org/apache/spark/log4j2-defaults.properties
ids-consumer  | 2026-04-24T12:48:00.924834126Z 26/04/24 15:48:00 INFO SparkContext: Running Spark version 4.1.1
ids-consumer  | 2026-04-24T12:48:00.925120380Z 26/04/24 15:48:00 INFO SparkContext: OS info Linux, 6.17.0-22-generic, amd64
ids-consumer  | 2026-04-24T12:48:00.925320134Z 26/04/24 15:48:00 INFO SparkContext: Java version 21.0.10+7-LTS
ids-consumer  | 2026-04-24T12:48:00.970548600Z 26/04/24 15:48:00 WARN NativeCodeLoader: Unable to load native-hadoop library for your platform... using builtin-java classes where applicable
ids-consumer  | 2026-04-24T12:48:00.998005271Z 26/04/24 15:48:00 INFO ResourceUtils: ==============================================================
ids-consumer  | 2026-04-24T12:48:00.998215225Z 26/04/24 15:48:00 INFO ResourceUtils: No custom resources configured for spark.driver.
ids-consumer  | 2026-04-24T12:48:00.998358390Z 26/04/24 15:48:00 INFO ResourceUtils: ==============================================================
ids-consumer  | 2026-04-24T12:48:00.998604185Z 26/04/24 15:48:00 INFO SparkContext: Submitted application: zeek-ids
ids-consumer  | 2026-04-24T12:48:01.025331021Z 26/04/24 15:48:01 INFO SecurityManager: Changing view acls to: spark
ids-consumer  | 2026-04-24T12:48:01.025520010Z 26/04/24 15:48:01 INFO SecurityManager: Changing modify acls to: spark
ids-consumer  | 2026-04-24T12:48:01.025729797Z 26/04/24 15:48:01 INFO SecurityManager: Changing view acls groups to: spark
ids-consumer  | 2026-04-24T12:48:01.025984477Z 26/04/24 15:48:01 INFO SecurityManager: Changing modify acls groups to: spark
ids-consumer  | 2026-04-24T12:48:01.026258021Z 26/04/24 15:48:01 INFO SecurityManager: SecurityManager: authentication disabled; ui acls disabled; users with view permissions: spark groups with view permissions: EMPTY; users with modify permissions: spark; groups with modify permissions: EMPTY; RPC SSL disabled
ids-consumer  | 2026-04-24T12:48:01.160516662Z 26/04/24 15:48:01 INFO Utils: Successfully started service 'sparkDriver' on port 46291.
ids-consumer  | 2026-04-24T12:48:01.176885253Z 26/04/24 15:48:01 INFO SparkEnv: Registering MapOutputTracker
ids-consumer  | 2026-04-24T12:48:01.184303837Z 26/04/24 15:48:01 INFO SparkEnv: Registering BlockManagerMaster
ids-consumer  | 2026-04-24T12:48:01.194492955Z 26/04/24 15:48:01 INFO BlockManagerMasterEndpoint: Using org.apache.spark.storage.DefaultTopologyMapper for getting topology information
ids-consumer  | 2026-04-24T12:48:01.194797935Z 26/04/24 15:48:01 INFO BlockManagerMasterEndpoint: BlockManagerMasterEndpoint up
ids-consumer  | 2026-04-24T12:48:01.196547026Z 26/04/24 15:48:01 INFO SparkEnv: Registering BlockManagerMasterHeartbeat
ids-consumer  | 2026-04-24T12:48:01.208936562Z 26/04/24 15:48:01 INFO DiskBlockManager: Created local directory at /tmp/blockmgr-456b52f3-e552-4dd9-95f0-894cb365f50d
ids-consumer  | 2026-04-24T12:48:01.221517065Z 26/04/24 15:48:01 INFO SparkEnv: Registering OutputCommitCoordinator
ids-consumer  | 2026-04-24T12:48:01.285356354Z 26/04/24 15:48:01 INFO JettyUtils: Start Jetty 0.0.0.0:4040 for SparkUI
ids-consumer  | 2026-04-24T12:48:01.330924888Z 26/04/24 15:48:01 INFO Utils: Successfully started service 'SparkUI' on port 4040.
ids-consumer  | 2026-04-24T12:48:01.364780592Z 26/04/24 15:48:01 INFO ResourceProfile: Default ResourceProfile created, executor resources: Map(cores -> name: cores, amount: 1, script: , vendor: , memory -> name: memory, amount: 1024, script: , vendor: , offHeap -> name: offHeap, amount: 0, script: , vendor: ), task resources: Map(cpus -> name: cpus, amount: 1.0)
ids-consumer  | 2026-04-24T12:48:01.365750536Z 26/04/24 15:48:01 INFO ResourceProfile: Limiting resource is cpu
ids-consumer  | 2026-04-24T12:48:01.366050936Z 26/04/24 15:48:01 INFO ResourceProfileManager: Added ResourceProfile id: 0
ids-consumer  | 2026-04-24T12:48:01.372031896Z 26/04/24 15:48:01 INFO SecurityManager: Changing view acls to: spark
ids-consumer  | 2026-04-24T12:48:01.372218532Z 26/04/24 15:48:01 INFO SecurityManager: Changing modify acls to: spark
ids-consumer  | 2026-04-24T12:48:01.372280771Z 26/04/24 15:48:01 INFO SecurityManager: Changing view acls groups to: spark
ids-consumer  | 2026-04-24T12:48:01.372308148Z 26/04/24 15:48:01 INFO SecurityManager: Changing modify acls groups to: spark
ids-consumer  | 2026-04-24T12:48:01.372462094Z 26/04/24 15:48:01 INFO SecurityManager: SecurityManager: authentication disabled; ui acls disabled; users with view permissions: spark groups with view permissions: EMPTY; users with modify permissions: spark; groups with modify permissions: EMPTY; RPC SSL disabled
ids-consumer  | 2026-04-24T12:48:01.451095906Z 26/04/24 15:48:01 INFO Executor: Starting executor ID driver on host 192.168.88.200
ids-consumer  | 2026-04-24T12:48:01.451312927Z 26/04/24 15:48:01 INFO Executor: OS info Linux, 6.17.0-22-generic, amd64
ids-consumer  | 2026-04-24T12:48:01.451457750Z 26/04/24 15:48:01 INFO Executor: Java version 21.0.10+7-LTS
ids-consumer  | 2026-04-24T12:48:01.454782909Z 26/04/24 15:48:01 INFO Executor: Starting executor with user classpath (userClassPathFirst = false): ''
ids-consumer  | 2026-04-24T12:48:01.455198407Z 26/04/24 15:48:01 INFO Executor: Created or updated repl class loader org.apache.spark.util.MutableURLClassLoader@64af7d74 for default.
ids-consumer  | 2026-04-24T12:48:01.465612256Z 26/04/24 15:48:01 INFO Utils: Successfully started service 'org.apache.spark.network.netty.NettyBlockTransferService' on port 34611.
ids-consumer  | 2026-04-24T12:48:01.470346655Z 26/04/24 15:48:01 INFO NettyBlockTransferService: Server created on 192.168.88.200:34611
ids-consumer  | 2026-04-24T12:48:01.471362000Z 26/04/24 15:48:01 INFO BlockManager: Using org.apache.spark.storage.RandomBlockReplicationPolicy for block replication policy
ids-consumer  | 2026-04-24T12:48:01.480446521Z 26/04/24 15:48:01 INFO BlockManagerMaster: Registering BlockManager BlockManagerId(driver, 192.168.88.200, 34611, None)
ids-consumer  | 2026-04-24T12:48:01.483250680Z 26/04/24 15:48:01 INFO BlockManagerMasterEndpoint: Registering block manager 192.168.88.200:34611 with 4.6 GiB RAM, BlockManagerId(driver, 192.168.88.200, 34611, None)
ids-consumer  | 2026-04-24T12:48:01.484749262Z 26/04/24 15:48:01 INFO BlockManagerMaster: Registered BlockManager BlockManagerId(driver, 192.168.88.200, 34611, None)
ids-consumer  | 2026-04-24T12:48:01.485429339Z 26/04/24 15:48:01 INFO BlockManager: Initialized BlockManager: BlockManagerId(driver, 192.168.88.200, 34611, None)
ids-consumer  | 2026-04-24T12:48:02.708392787Z 2026-04-24 15:48:02,708 INFO Spark 4.1.1 started
ids-consumer  | 2026-04-24T12:48:03.501420902Z 26/04/24 15:48:03 WARN ResolveWriteToStream: spark.sql.adaptive.enabled is not supported in streaming DataFrames/Datasets and will be disabled.
ids-consumer  | 2026-04-24T12:48:03.598413364Z 2026-04-24 15:48:03,598 INFO Listening for Zeek flows...
ids-consumer  | 2026-04-24T12:48:23.419756202Z 2026-04-24 15:48:23,419 INFO Batch #761: 1 flows | 7ms (145 fl/s) temp=0ms
ids-consumer  | 2026-04-24T12:48:23.419775739Z 2026-04-24 15:48:23,419 INFO ── STATS ──────────────────────────────────────────
ids-consumer  | 2026-04-24T12:48:23.419778272Z 2026-04-24 15:48:23,419 INFO   Layers:     XGBoost (temporal) + Rules
ids-consumer  | 2026-04-24T12:48:23.419779752Z 2026-04-24 15:48:23,419 INFO   Throughput: 0 flows/sec
ids-consumer  | 2026-04-24T12:48:23.419780802Z 2026-04-24 15:48:23,419 INFO   Total:      1 flows in 23s
ids-consumer  | 2026-04-24T12:48:23.419781824Z [92m    BENIGN                              1[0m
ids-consumer  | 2026-04-24T12:48:23.419784854Z 2026-04-24 15:48:23,419 INFO ───────────────────────────────────────────────────
ids-consumer  | 2026-04-24T12:48:23.449220627Z 26/04/24 15:48:23 WARN ProcessingTimeExecutor: Current batch is falling behind. The trigger interval is 1000 milliseconds, but spent 1448 milliseconds
ids-consumer  | 2026-04-24T12:48:31.624531333Z 2026-04-24 15:48:31,624 INFO Batch #762: 1 flows | 7ms (140 fl/s) temp=0ms
ids-consumer  | 2026-04-24T12:48:35.653243177Z 2026-04-24 15:48:35,653 INFO Batch #763: 51 flows | 11ms (4,711 fl/s) temp=2ms
ids-consumer  | 2026-04-24T12:48:35.653269694Z 2026-04-24 15:48:35,653 INFO ── STATS ──────────────────────────────────────────
ids-consumer  | 2026-04-24T12:48:35.653272198Z 2026-04-24 15:48:35,653 INFO   Layers:     XGBoost (temporal) + Rules
ids-consumer  | 2026-04-24T12:48:35.653273310Z 2026-04-24 15:48:35,653 INFO   Throughput: 2 flows/sec
ids-consumer  | 2026-04-24T12:48:35.653274336Z 2026-04-24 15:48:35,653 INFO   Total:      53 flows in 35s
ids-consumer  | 2026-04-24T12:48:35.653275339Z [92m    BENIGN                             53[0m
ids-consumer  | 2026-04-24T12:48:35.653282955Z 2026-04-24 15:48:35,653 INFO ───────────────────────────────────────────────────
ids-consumer  | 2026-04-24T12:48:36.661358500Z 2026-04-24 15:48:36,661 INFO Batch #764: 163 flows | 17ms (9,871 fl/s) temp=4ms
ids-consumer  | 2026-04-24T12:48:37.588284639Z 2026-04-24 15:48:37,588 INFO Batch #765: 22 flows | 8ms (2,607 fl/s) temp=1ms
ids-consumer  | 2026-04-24T12:48:41.584032620Z 2026-04-24 15:48:41,583 INFO Batch #766: 1 flows | 7ms (147 fl/s) temp=0ms
ids-consumer  | 2026-04-24T12:48:46.576618660Z 2026-04-24 15:48:46,576 INFO Batch #767: 1 flows | 7ms (138 fl/s) temp=0ms
ids-consumer  | 2026-04-24T12:48:46.576636886Z 2026-04-24 15:48:46,576 INFO ── STATS ──────────────────────────────────────────
ids-consumer  | 2026-04-24T12:48:46.576639348Z 2026-04-24 15:48:46,576 INFO   Layers:     XGBoost (temporal) + Rules
ids-consumer  | 2026-04-24T12:48:46.576642469Z 2026-04-24 15:48:46,576 INFO   Throughput: 5 flows/sec
ids-consumer  | 2026-04-24T12:48:46.576643567Z 2026-04-24 15:48:46,576 INFO   Total:      240 flows in 46s
ids-consumer  | 2026-04-24T12:48:46.576644626Z [92m    BENIGN                            240[0m
ids-consumer  | 2026-04-24T12:48:46.576645954Z 2026-04-24 15:48:46,576 INFO ───────────────────────────────────────────────────
ids-consumer  | 2026-04-24T12:48:51.582108408Z 2026-04-24 15:48:51,581 INFO Batch #768: 1 flows | 7ms (143 fl/s) temp=0ms
ids-consumer  | 2026-04-24T12:48:56.637602656Z 2026-04-24 15:48:56,637 INFO Batch #769: 1 flows | 7ms (144 fl/s) temp=0ms
ids-consumer  | 2026-04-24T12:48:56.637617604Z 2026-04-24 15:48:56,637 INFO ── STATS ──────────────────────────────────────────
ids-consumer  | 2026-04-24T12:48:56.637619781Z 2026-04-24 15:48:56,637 INFO   Layers:     XGBoost (temporal) + Rules
ids-consumer  | 2026-04-24T12:48:56.637645538Z 2026-04-24 15:48:56,637 INFO   Throughput: 4 flows/sec
ids-consumer  | 2026-04-24T12:48:56.637650797Z 2026-04-24 15:48:56,637 INFO   Total:      242 flows in 56s
ids-consumer  | 2026-04-24T12:48:56.637652205Z [92m    BENIGN                            242[0m
ids-consumer  | 2026-04-24T12:48:56.637653607Z 2026-04-24 15:48:56,637 INFO ───────────────────────────────────────────────────
ids-consumer  | 2026-04-24T12:49:01.578297297Z 2026-04-24 15:49:01,578 INFO Batch #770: 1 flows | 7ms (149 fl/s) temp=0ms
ids-consumer  | 2026-04-24T12:49:06.588364029Z 2026-04-24 15:49:06,588 INFO Batch #771: 1 flows | 7ms (141 fl/s) temp=0ms
ids-consumer  | 2026-04-24T12:49:11.581320943Z 2026-04-24 15:49:11,581 INFO Batch #772: 1 flows | 7ms (143 fl/s) temp=0ms
ids-consumer  | 2026-04-24T12:49:11.581348177Z 2026-04-24 15:49:11,581 INFO ── STATS ──────────────────────────────────────────
ids-consumer  | 2026-04-24T12:49:11.581353583Z 2026-04-24 15:49:11,581 INFO   Layers:     XGBoost (temporal) + Rules
ids-consumer  | 2026-04-24T12:49:11.581356515Z 2026-04-24 15:49:11,581 INFO   Throughput: 3 flows/sec
ids-consumer  | 2026-04-24T12:49:11.581359123Z 2026-04-24 15:49:11,581 INFO   Total:      245 flows in 71s
ids-consumer  | 2026-04-24T12:49:11.581364819Z [92m    BENIGN                            245[0m
ids-consumer  | 2026-04-24T12:49:11.581367915Z 2026-04-24 15:49:11,581 INFO ───────────────────────────────────────────────────
ids-consumer  | 2026-04-24T12:49:16.582562509Z 2026-04-24 15:49:16,582 INFO Batch #773: 1 flows | 11ms (87 fl/s) temp=0ms
ids-consumer  | 2026-04-24T12:49:21.580495043Z 2026-04-24 15:49:21,580 INFO Batch #774: 1 flows | 11ms (88 fl/s) temp=0ms
ids-consumer  | 2026-04-24T12:49:26.652068186Z 2026-04-24 15:49:26,651 INFO Batch #775: 1 flows | 10ms (101 fl/s) temp=0ms
ids-consumer  | 2026-04-24T12:49:26.652085972Z 2026-04-24 15:49:26,651 INFO ── STATS ──────────────────────────────────────────
ids-consumer  | 2026-04-24T12:49:26.652088923Z 2026-04-24 15:49:26,651 INFO   Layers:     XGBoost (temporal) + Rules
ids-consumer  | 2026-04-24T12:49:26.652090674Z 2026-04-24 15:49:26,652 INFO   Throughput: 3 flows/sec
ids-consumer  | 2026-04-24T12:49:26.652122106Z 2026-04-24 15:49:26,652 INFO   Total:      248 flows in 86s
ids-consumer  | 2026-04-24T12:49:26.652129946Z [92m    BENIGN                            248[0m
ids-consumer  | 2026-04-24T12:49:26.652132525Z 2026-04-24 15:49:26,652 INFO ───────────────────────────────────────────────────
ids-consumer  | 2026-04-24T12:49:27.574137876Z 2026-04-24 15:49:27,573 INFO Batch #776: 1 flows | 6ms (171 fl/s) temp=0ms
ids-consumer  | 2026-04-24T12:49:31.615302461Z [91m2026-04-24 15:49:31 [NEW] [Rule] Slowloris              src=10.0.1.10        → 10.0.1.20:80 conf=0.95[0m
ids-consumer  | 2026-04-24T12:49:31.616049346Z 2026-04-24 15:49:31,615 INFO Batch #777: 163 flows | 17ms (9,374 fl/s) temp=5ms rules=158
ids-consumer  | 2026-04-24T12:49:32.606448882Z 2026-04-24 15:49:32,606 INFO Batch #778: 165 flows | 17ms (9,640 fl/s) temp=4ms rules=165
ids-consumer  | 2026-04-24T12:49:33.666258237Z 2026-04-24 15:49:33,666 INFO Batch #779: 165 flows | 17ms (9,790 fl/s) temp=5ms rules=165
ids-consumer  | 2026-04-24T12:49:34.668358273Z 2026-04-24 15:49:34,668 INFO Batch #780: 165 flows | 17ms (9,574 fl/s) temp=5ms rules=165
ids-consumer  | 2026-04-24T12:49:35.634941928Z 2026-04-24 15:49:35,634 INFO Batch #781: 108 flows | 14ms (7,668 fl/s) temp=3ms rules=108
ids-consumer  | 2026-04-24T12:50:32.632782668Z [38;5;208m2026-04-24 15:50:32 [END] [Rule] Slowloris              src=10.0.1.10        duration=4s flows=761 conf=avg:0.95/max:0.95[0m
ids-consumer  | 2026-04-24T12:50:32.632815037Z [96m2026-04-24 15:50:32 [SPAN] src=10.0.1.10        wall_clock=61s total_flows=761 labels=[Slowloris][0m
ids-consumer  | 2026-04-24T12:50:32.632878901Z 2026-04-24 15:50:32,632 INFO Batch #782: 1 flows | 6ms (166 fl/s) temp=0ms
ids-consumer  | 2026-04-24T12:50:32.632885816Z 2026-04-24 15:50:32,632 INFO ── STATS ──────────────────────────────────────────
ids-consumer  | 2026-04-24T12:50:32.632887779Z 2026-04-24 15:50:32,632 INFO   Layers:     XGBoost (temporal) + Rules
ids-consumer  | 2026-04-24T12:50:32.632888954Z 2026-04-24 15:50:32,632 INFO   Throughput: 7 flows/sec
ids-consumer  | 2026-04-24T12:50:32.632922230Z 2026-04-24 15:50:32,632 INFO   Total:      1,016 flows in 152s
ids-consumer  | 2026-04-24T12:50:32.632926650Z [91m  * Slowloris                         761[0m
ids-consumer  | 2026-04-24T12:50:32.632927973Z [92m    BENIGN                            255[0m
ids-consumer  | 2026-04-24T12:50:32.632929073Z 2026-04-24 15:50:32,632 INFO ───────────────────────────────────────────────────
ids-consumer exited with code 143 (restarting)
ids-consumer  | 2026-04-24T12:47:47.249622528Z WARNING: Using incubator modules: jdk.incubator.vector
ids-consumer  | 2026-04-24T12:47:47.768859321Z Using Spark's default log4j profile: org/apache/spark/log4j2-defaults.properties
ids-consumer  | 2026-04-24T12:47:47.786214401Z 26/04/24 15:47:47 WARN Utils: Your hostname, usrv01, resolves to a loopback address: 127.0.1.1; using 192.168.88.200 instead (on interface eno1)
ids-consumer  | 2026-04-24T12:47:47.788323908Z 26/04/24 15:47:47 WARN Utils: Set SPARK_LOCAL_IP if you need to bind to another address
ids-consumer  | 2026-04-24T12:47:48.818273978Z /usr/local/lib/python3.10/dist-packages/sklearn/base.py:442: InconsistentVersionWarning: Trying to unpickle estimator LabelEncoder from version 1.8.0 when using version 1.7.2. This might lead to breaking code or invalid results. Use at your own risk. For more info please refer to:
ids-consumer  | 2026-04-24T12:47:48.818296811Z https://scikit-learn.org/stable/model_persistence.html#security-maintainability-limitations
ids-consumer  | 2026-04-24T12:47:48.818299133Z   warnings.warn(
ids-consumer  | 2026-04-24T12:47:48.818373684Z 2026-04-24 15:47:48,818 INFO XGBoost loaded | classes=['BENIGN', 'Bot', 'DDOS-HOIC', 'DoS-GoldenEye', 'DoS-Hulk', 'DoS-SlowHTTPTest', 'DoS-Slowloris', 'FTP-BruteForce', 'SSH-Bruteforce'] | features=17
ids-consumer  | 2026-04-24T12:48:00.568324051Z 2026-04-24 15:48:00,568 INFO Temporal features enabled (window=60.0s, 17 features)
ids-consumer  | 2026-04-24T12:48:00.569137672Z 2026-04-24 15:48:00,568 INFO Rule engine enabled
ids-consumer  | 2026-04-24T12:48:00.922598383Z Using Spark's default log4j profile: org/apache/spark/log4j2-defaults.properties
ids-consumer  | 2026-04-24T12:48:00.924834126Z 26/04/24 15:48:00 INFO SparkContext: Running Spark version 4.1.1
ids-consumer  | 2026-04-24T12:48:00.925120380Z 26/04/24 15:48:00 INFO SparkContext: OS info Linux, 6.17.0-22-generic, amd64
ids-consumer  | 2026-04-24T12:48:00.925320134Z 26/04/24 15:48:00 INFO SparkContext: Java version 21.0.10+7-LTS
ids-consumer  | 2026-04-24T12:48:00.970548600Z 26/04/24 15:48:00 WARN NativeCodeLoader: Unable to load native-hadoop library for your platform... using builtin-java classes where applicable
ids-consumer  | 2026-04-24T12:48:00.998005271Z 26/04/24 15:48:00 INFO ResourceUtils: ==============================================================
ids-consumer  | 2026-04-24T12:48:00.998215225Z 26/04/24 15:48:00 INFO ResourceUtils: No custom resources configured for spark.driver.
ids-consumer  | 2026-04-24T12:48:00.998358390Z 26/04/24 15:48:00 INFO ResourceUtils: ==============================================================
ids-consumer  | 2026-04-24T12:48:00.998604185Z 26/04/24 15:48:00 INFO SparkContext: Submitted application: zeek-ids
ids-consumer  | 2026-04-24T12:48:01.025331021Z 26/04/24 15:48:01 INFO SecurityManager: Changing view acls to: spark
ids-consumer  | 2026-04-24T12:48:01.025520010Z 26/04/24 15:48:01 INFO SecurityManager: Changing modify acls to: spark
ids-consumer  | 2026-04-24T12:48:01.025729797Z 26/04/24 15:48:01 INFO SecurityManager: Changing view acls groups to: spark
ids-consumer  | 2026-04-24T12:48:01.025984477Z 26/04/24 15:48:01 INFO SecurityManager: Changing modify acls groups to: spark
ids-consumer  | 2026-04-24T12:48:01.026258021Z 26/04/24 15:48:01 INFO SecurityManager: SecurityManager: authentication disabled; ui acls disabled; users with view permissions: spark groups with view permissions: EMPTY; users with modify permissions: spark; groups with modify permissions: EMPTY; RPC SSL disabled
ids-consumer  | 2026-04-24T12:48:01.160516662Z 26/04/24 15:48:01 INFO Utils: Successfully started service 'sparkDriver' on port 46291.
ids-consumer  | 2026-04-24T12:48:01.176885253Z 26/04/24 15:48:01 INFO SparkEnv: Registering MapOutputTracker
ids-consumer  | 2026-04-24T12:48:01.184303837Z 26/04/24 15:48:01 INFO SparkEnv: Registering BlockManagerMaster
ids-consumer  | 2026-04-24T12:48:01.194492955Z 26/04/24 15:48:01 INFO BlockManagerMasterEndpoint: Using org.apache.spark.storage.DefaultTopologyMapper for getting topology information
ids-consumer  | 2026-04-24T12:48:01.194797935Z 26/04/24 15:48:01 INFO BlockManagerMasterEndpoint: BlockManagerMasterEndpoint up
ids-consumer  | 2026-04-24T12:48:01.196547026Z 26/04/24 15:48:01 INFO SparkEnv: Registering BlockManagerMasterHeartbeat
ids-consumer  | 2026-04-24T12:48:01.208936562Z 26/04/24 15:48:01 INFO DiskBlockManager: Created local directory at /tmp/blockmgr-456b52f3-e552-4dd9-95f0-894cb365f50d
ids-consumer  | 2026-04-24T12:48:01.221517065Z 26/04/24 15:48:01 INFO SparkEnv: Registering OutputCommitCoordinator
ids-consumer  | 2026-04-24T12:48:01.285356354Z 26/04/24 15:48:01 INFO JettyUtils: Start Jetty 0.0.0.0:4040 for SparkUI
ids-consumer  | 2026-04-24T12:48:01.330924888Z 26/04/24 15:48:01 INFO Utils: Successfully started service 'SparkUI' on port 4040.
ids-consumer  | 2026-04-24T12:48:01.364780592Z 26/04/24 15:48:01 INFO ResourceProfile: Default ResourceProfile created, executor resources: Map(cores -> name: cores, amount: 1, script: , vendor: , memory -> name: memory, amount: 1024, script: , vendor: , offHeap -> name: offHeap, amount: 0, script: , vendor: ), task resources: Map(cpus -> name: cpus, amount: 1.0)
ids-consumer  | 2026-04-24T12:48:01.365750536Z 26/04/24 15:48:01 INFO ResourceProfile: Limiting resource is cpu
ids-consumer  | 2026-04-24T12:48:01.366050936Z 26/04/24 15:48:01 INFO ResourceProfileManager: Added ResourceProfile id: 0
ids-consumer  | 2026-04-24T12:48:01.372031896Z 26/04/24 15:48:01 INFO SecurityManager: Changing view acls to: spark
ids-consumer  | 2026-04-24T12:48:01.372218532Z 26/04/24 15:48:01 INFO SecurityManager: Changing modify acls to: spark
ids-consumer  | 2026-04-24T12:48:01.372280771Z 26/04/24 15:48:01 INFO SecurityManager: Changing view acls groups to: spark
ids-consumer  | 2026-04-24T12:48:01.372308148Z 26/04/24 15:48:01 INFO SecurityManager: Changing modify acls groups to: spark
ids-consumer  | 2026-04-24T12:48:01.372462094Z 26/04/24 15:48:01 INFO SecurityManager: SecurityManager: authentication disabled; ui acls disabled; users with view permissions: spark groups with view permissions: EMPTY; users with modify permissions: spark; groups with modify permissions: EMPTY; RPC SSL disabled
ids-consumer  | 2026-04-24T12:48:01.451095906Z 26/04/24 15:48:01 INFO Executor: Starting executor ID driver on host 192.168.88.200
ids-consumer  | 2026-04-24T12:48:01.451312927Z 26/04/24 15:48:01 INFO Executor: OS info Linux, 6.17.0-22-generic, amd64
ids-consumer  | 2026-04-24T12:48:01.451457750Z 26/04/24 15:48:01 INFO Executor: Java version 21.0.10+7-LTS
ids-consumer  | 2026-04-24T12:48:01.454782909Z 26/04/24 15:48:01 INFO Executor: Starting executor with user classpath (userClassPathFirst = false): ''
ids-consumer  | 2026-04-24T12:48:01.455198407Z 26/04/24 15:48:01 INFO Executor: Created or updated repl class loader org.apache.spark.util.MutableURLClassLoader@64af7d74 for default.
ids-consumer  | 2026-04-24T12:48:01.465612256Z 26/04/24 15:48:01 INFO Utils: Successfully started service 'org.apache.spark.network.netty.NettyBlockTransferService' on port 34611.
ids-consumer  | 2026-04-24T12:48:01.470346655Z 26/04/24 15:48:01 INFO NettyBlockTransferService: Server created on 192.168.88.200:34611
ids-consumer  | 2026-04-24T12:48:01.471362000Z 26/04/24 15:48:01 INFO BlockManager: Using org.apache.spark.storage.RandomBlockReplicationPolicy for block replication policy
ids-consumer  | 2026-04-24T12:48:01.480446521Z 26/04/24 15:48:01 INFO BlockManagerMaster: Registering BlockManager BlockManagerId(driver, 192.168.88.200, 34611, None)
ids-consumer  | 2026-04-24T12:48:01.483250680Z 26/04/24 15:48:01 INFO BlockManagerMasterEndpoint: Registering block manager 192.168.88.200:34611 with 4.6 GiB RAM, BlockManagerId(driver, 192.168.88.200, 34611, None)
ids-consumer  | 2026-04-24T12:48:01.484749262Z 26/04/24 15:48:01 INFO BlockManagerMaster: Registered BlockManager BlockManagerId(driver, 192.168.88.200, 34611, None)
ids-consumer  | 2026-04-24T12:48:01.485429339Z 26/04/24 15:48:01 INFO BlockManager: Initialized BlockManager: BlockManagerId(driver, 192.168.88.200, 34611, None)
ids-consumer  | 2026-04-24T12:48:02.708392787Z 2026-04-24 15:48:02,708 INFO Spark 4.1.1 started
ids-consumer  | 2026-04-24T12:48:03.501420902Z 26/04/24 15:48:03 WARN ResolveWriteToStream: spark.sql.adaptive.enabled is not supported in streaming DataFrames/Datasets and will be disabled.
ids-consumer  | 2026-04-24T12:48:03.598413364Z 2026-04-24 15:48:03,598 INFO Listening for Zeek flows...
ids-consumer  | 2026-04-24T12:48:23.419756202Z 2026-04-24 15:48:23,419 INFO Batch #761: 1 flows | 7ms (145 fl/s) temp=0ms
ids-consumer  | 2026-04-24T12:48:23.419775739Z 2026-04-24 15:48:23,419 INFO ?? STATS ??????????????????????????????????????????
ids-consumer  | 2026-04-24T12:48:23.419778272Z 2026-04-24 15:48:23,419 INFO   Layers:     XGBoost (temporal) + Rules
ids-consumer  | 2026-04-24T12:48:23.419779752Z 2026-04-24 15:48:23,419 INFO   Throughput: 0 flows/sec
ids-consumer  | 2026-04-24T12:48:23.419780802Z 2026-04-24 15:48:23,419 INFO   Total:      1 flows in 23s
ids-consumer  | 2026-04-24T12:48:23.419781824Z     BENIGN                              1
ids-consumer  | 2026-04-24T12:48:23.419784854Z 2026-04-24 15:48:23,419 INFO ???????????????????????????????????????????????????
ids-consumer  | 2026-04-24T12:48:23.449220627Z 26/04/24 15:48:23 WARN ProcessingTimeExecutor: Current batch is falling behind. The trigger interval is 1000 milliseconds, but spent 1448 milliseconds
ids-consumer  | 2026-04-24T12:48:31.624531333Z 2026-04-24 15:48:31,624 INFO Batch #762: 1 flows | 7ms (140 fl/s) temp=0ms
ids-consumer  | 2026-04-24T12:48:35.653243177Z 2026-04-24 15:48:35,653 INFO Batch #763: 51 flows | 11ms (4,711 fl/s) temp=2ms
ids-consumer  | 2026-04-24T12:48:35.653269694Z 2026-04-24 15:48:35,653 INFO ?? STATS ??????????????????????????????????????????
ids-consumer  | 2026-04-24T12:48:35.653272198Z 2026-04-24 15:48:35,653 INFO   Layers:     XGBoost (temporal) + Rules
ids-consumer  | 2026-04-24T12:48:35.653273310Z 2026-04-24 15:48:35,653 INFO   Throughput: 2 flows/sec
ids-consumer  | 2026-04-24T12:48:35.653274336Z 2026-04-24 15:48:35,653 INFO   Total:      53 flows in 35s
ids-consumer  | 2026-04-24T12:48:35.653275339Z     BENIGN                             53
ids-consumer  | 2026-04-24T12:48:35.653282955Z 2026-04-24 15:48:35,653 INFO ???????????????????????????????????????????????????
ids-consumer  | 2026-04-24T12:48:36.661358500Z 2026-04-24 15:48:36,661 INFO Batch #764: 163 flows | 17ms (9,871 fl/s) temp=4ms
ids-consumer  | 2026-04-24T12:48:37.588284639Z 2026-04-24 15:48:37,588 INFO Batch #765: 22 flows | 8ms (2,607 fl/s) temp=1ms
ids-consumer  | 2026-04-24T12:48:41.584032620Z 2026-04-24 15:48:41,583 INFO Batch #766: 1 flows | 7ms (147 fl/s) temp=0ms
ids-consumer  | 2026-04-24T12:48:46.576618660Z 2026-04-24 15:48:46,576 INFO Batch #767: 1 flows | 7ms (138 fl/s) temp=0ms
ids-consumer  | 2026-04-24T12:48:46.576636886Z 2026-04-24 15:48:46,576 INFO ?? STATS ??????????????????????????????????????????
ids-consumer  | 2026-04-24T12:48:46.576639348Z 2026-04-24 15:48:46,576 INFO   Layers:     XGBoost (temporal) + Rules
ids-consumer  | 2026-04-24T12:48:46.576642469Z 2026-04-24 15:48:46,576 INFO   Throughput: 5 flows/sec
ids-consumer  | 2026-04-24T12:48:46.576643567Z 2026-04-24 15:48:46,576 INFO   Total:      240 flows in 46s
ids-consumer  | 2026-04-24T12:48:46.576644626Z     BENIGN                            240
ids-consumer  | 2026-04-24T12:48:46.576645954Z 2026-04-24 15:48:46,576 INFO ???????????????????????????????????????????????????
ids-consumer  | 2026-04-24T12:48:51.582108408Z 2026-04-24 15:48:51,581 INFO Batch #768: 1 flows | 7ms (143 fl/s) temp=0ms
ids-consumer  | 2026-04-24T12:48:56.637602656Z 2026-04-24 15:48:56,637 INFO Batch #769: 1 flows | 7ms (144 fl/s) temp=0ms
ids-consumer  | 2026-04-24T12:48:56.637617604Z 2026-04-24 15:48:56,637 INFO ?? STATS ??????????????????????????????????????????
ids-consumer  | 2026-04-24T12:48:56.637619781Z 2026-04-24 15:48:56,637 INFO   Layers:     XGBoost (temporal) + Rules
ids-consumer  | 2026-04-24T12:48:56.637645538Z 2026-04-24 15:48:56,637 INFO   Throughput: 4 flows/sec
ids-consumer  | 2026-04-24T12:48:56.637650797Z 2026-04-24 15:48:56,637 INFO   Total:      242 flows in 56s
ids-consumer  | 2026-04-24T12:48:56.637652205Z     BENIGN                            242
ids-consumer  | 2026-04-24T12:48:56.637653607Z 2026-04-24 15:48:56,637 INFO ???????????????????????????????????????????????????
ids-consumer  | 2026-04-24T12:49:01.578297297Z 2026-04-24 15:49:01,578 INFO Batch #770: 1 flows | 7ms (149 fl/s) temp=0ms
ids-consumer  | 2026-04-24T12:49:06.588364029Z 2026-04-24 15:49:06,588 INFO Batch #771: 1 flows | 7ms (141 fl/s) temp=0ms
ids-consumer  | 2026-04-24T12:49:11.581320943Z 2026-04-24 15:49:11,581 INFO Batch #772: 1 flows | 7ms (143 fl/s) temp=0ms
ids-consumer  | 2026-04-24T12:49:11.581348177Z 2026-04-24 15:49:11,581 INFO ?? STATS ??????????????????????????????????????????
ids-consumer  | 2026-04-24T12:49:11.581353583Z 2026-04-24 15:49:11,581 INFO   Layers:     XGBoost (temporal) + Rules
ids-consumer  | 2026-04-24T12:49:11.581356515Z 2026-04-24 15:49:11,581 INFO   Throughput: 3 flows/sec
ids-consumer  | 2026-04-24T12:49:11.581359123Z 2026-04-24 15:49:11,581 INFO   Total:      245 flows in 71s
ids-consumer  | 2026-04-24T12:49:11.581364819Z     BENIGN                            245
ids-consumer  | 2026-04-24T12:49:11.581367915Z 2026-04-24 15:49:11,581 INFO ???????????????????????????????????????????????????
ids-consumer  | 2026-04-24T12:49:16.582562509Z 2026-04-24 15:49:16,582 INFO Batch #773: 1 flows | 11ms (87 fl/s) temp=0ms
ids-consumer  | 2026-04-24T12:49:21.580495043Z 2026-04-24 15:49:21,580 INFO Batch #774: 1 flows | 11ms (88 fl/s) temp=0ms
ids-consumer  | 2026-04-24T12:49:26.652068186Z 2026-04-24 15:49:26,651 INFO Batch #775: 1 flows | 10ms (101 fl/s) temp=0ms
ids-consumer  | 2026-04-24T12:49:26.652085972Z 2026-04-24 15:49:26,651 INFO ?? STATS ??????????????????????????????????????????
ids-consumer  | 2026-04-24T12:49:26.652088923Z 2026-04-24 15:49:26,651 INFO   Layers:     XGBoost (temporal) + Rules
ids-consumer  | 2026-04-24T12:49:26.652090674Z 2026-04-24 15:49:26,652 INFO   Throughput: 3 flows/sec
ids-consumer  | 2026-04-24T12:49:26.652122106Z 2026-04-24 15:49:26,652 INFO   Total:      248 flows in 86s
ids-consumer  | 2026-04-24T12:49:26.652129946Z     BENIGN                            248
ids-consumer  | 2026-04-24T12:49:26.652132525Z 2026-04-24 15:49:26,652 INFO ???????????????????????????????????????????????????
ids-consumer  | 2026-04-24T12:49:27.574137876Z 2026-04-24 15:49:27,573 INFO Batch #776: 1 flows | 6ms (171 fl/s) temp=0ms
ids-consumer  | 2026-04-24T12:49:31.615302461Z 2026-04-24 15:49:31 [NEW] [Rule] Slowloris              src=10.0.1.10        ? 10.0.1.20:80 conf=0.95
ids-consumer  | 2026-04-24T12:49:31.616049346Z 2026-04-24 15:49:31,615 INFO Batch #777: 163 flows | 17ms (9,374 fl/s) temp=5ms rules=158
ids-consumer  | 2026-04-24T12:49:32.606448882Z 2026-04-24 15:49:32,606 INFO Batch #778: 165 flows | 17ms (9,640 fl/s) temp=4ms rules=165
ids-consumer  | 2026-04-24T12:49:33.666258237Z 2026-04-24 15:49:33,666 INFO Batch #779: 165 flows | 17ms (9,790 fl/s) temp=5ms rules=165
ids-consumer  | 2026-04-24T12:49:34.668358273Z 2026-04-24 15:49:34,668 INFO Batch #780: 165 flows | 17ms (9,574 fl/s) temp=5ms rules=165
ids-consumer  | 2026-04-24T12:49:35.634941928Z 2026-04-24 15:49:35,634 INFO Batch #781: 108 flows | 14ms (7,668 fl/s) temp=3ms rules=108
ids-consumer  | 2026-04-24T12:50:32.632782668Z 2026-04-24 15:50:32 [END] [Rule] Slowloris              src=10.0.1.10        duration=4s flows=761 conf=avg:0.95/max:0.95
ids-consumer  | 2026-04-24T12:50:32.632815037Z 2026-04-24 15:50:32 [SPAN] src=10.0.1.10        wall_clock=61s total_flows=761 labels=[Slowloris]
ids-consumer  | 2026-04-24T12:50:32.632878901Z 2026-04-24 15:50:32,632 INFO Batch #782: 1 flows | 6ms (166 fl/s) temp=0ms
ids-consumer  | 2026-04-24T12:50:32.632885816Z 2026-04-24 15:50:32,632 INFO ?? STATS ??????????????????????????????????????????
ids-consumer  | 2026-04-24T12:50:32.632887779Z 2026-04-24 15:50:32,632 INFO   Layers:     XGBoost (temporal) + Rules
ids-consumer  | 2026-04-24T12:50:32.632888954Z 2026-04-24 15:50:32,632 INFO   Throughput: 7 flows/sec
ids-consumer  | 2026-04-24T12:50:32.632922230Z 2026-04-24 15:50:32,632 INFO   Total:      1,016 flows in 152s
ids-consumer  | 2026-04-24T12:50:32.632926650Z   * Slowloris                         761
ids-consumer  | 2026-04-24T12:50:32.632927973Z     BENIGN                            255